# This file is derived from developers_affiliations.txt and so should not be edited directly.
# If you see an error, please update developers_affiliations.txt and this file will be fixed
# when regenerated.
Weaveworks:
	Aaron Kirkbride: aaron!aaronkirkbride.com, aaron7!users.noreply.github.com from 2017-04-01 until 2018-09-01
	Adam Harrison: awh!users.noreply.github.com, harrisonadamw!gmail.com
	Alfonso Acosta: fons!weave.works from 2015-07-15
	Anita Buehrle: abuehrle!users.noreply.github.com
	Brice Fernandes: brice!weave.works
	Bryan Boreham: bjboreham!gmail.com, bryan!weave.works
	Damien Lespiau: damien!weave.works
	Daniel Holbach: daniel!weave.works
	David: david.kaltschmidt!gmail.com until 2017-08-18
	David Wragg: david!weave.works
	Dimitri Mitropoulos: dimitrimitropoulos!gmail.com, dimitropoulos!users.noreply.github.com
	Elena Morozova: lelenanam!gmail.com from 2017-06-01
	Hidde Beydals: hello!hidde.co, hidde!weave.works, hiddeco!users.noreply.github.com from 2019-02-08
	Ilya Dmitrichenko: errordeveloper!gmail.com from 2014-10-01
	Jonathan Lange: jml!mumak.net from 2016-05-01
	Jordan Pellizzari: jordan!weave.works
	Lucas Käldström: lucas!weave.works, lucas.kaldstrom!hotmail.co.uk, luxas!users.noreply.github.com
	Luke Marsden: me!lukemarsden.net from 2016-05-01 until 2017-08-01
	Marc CARRE: carre.marc!gmail.com from 2016-09-01
	Marc Carré: marccarre!users.noreply.github.com from 2016-09-01
	Marcus Cobden: leth!users.noreply.github.com, marcus!marcuscobden.co.uk from 2017-04-01 until 2018-10-01
	Marcus Cobden: marcus!weave.works
	Martynas Pumputis: brb!users.noreply.github.com, martynas!weave.works
	Mathew Lodge: git!mathewlodge.com, mjlodge!users.noreply.github.com from 2015-10-01 until 2016-12-01
	Michael Bridgen: mikeb!squaremobius.net from 2013-09-15
	Murali Reddy: murali.reddy!cloudnativelabs.net, muralimmreddy!gmail.com
	Paul Bellamy: paul.a.bellamy!gmail.com
	Roberto Bruggemann: roberto!weave.works
	Robin: meccanorak!users.noreply.github.com
	Roland Schilter: roli!schilter.me, roli!weave.works from 2017-06-01
	Stefan Prodan: stefan.prodan!gmail.com, stefanprodan!users.noreply.github.com
	Tom Wilkie: tom.wilkie!gmail.com, tomwilkie!users.noreply.github.com from 2014-12-01 until 2017-06-06
	alexis richardson: alexis.richardson!gmail.com, monadic!users.noreply.github.com
	dann.church: dann.church!gmail.com from 2018-11-05
	jrryjcksn: jrryjcksn!gmail.com from 2018-11-05
	leigh schrandt: leigh!null.net, leigh!weave.works, stealthybox!users.noreply.github.com
	palemtnrider: palemtnrider!gmail.com from 2018-11-05
	pidster: pidster!users.noreply.github.com
Web Creative:
	Pavel Nikolov: pavelnikolov!users.noreply.github.com until 2015-04-01
WebAula:
	Matheus Neder: matheusneder!gmail.com until 2017-01-01
WebFilings:
	Justin Lindh: justinlindh!gmail.com
WebPT:
	Jasmine Hegman: jasmine!jhegman.com
WebRader:
	Victor Fusco: victor!cetuc.puc-rio.br from 2015-11-01 until 2017-12-01
WebRiders:
	Borys Pierov: borys!pierov.com, github!ashald.net, xashald!gmail.com until 2014-09-15
WebSumit:
	Conor Broderick: broderc1!tcd.ie, conor.broderick!robustperception.io from 2018-02-01
	conorbroderick: cjayjayb!gmail.com from 2018-02-01
Webelligence:
	Ayush Pateria: cs15btech11007!iith.ac.in until 2015-01-01
Webflow:
	Jacob Gillespie: jacobwgillespie!gmail.com from 2016-09-01 until 2017-08-01
Weborama:
	BravoMao: BravoMao!users.noreply.github.com
	Jean-Christophe Sirot: jcsirot!gmail.com, jean-christophe.sirot!docker.com, jeanchristophe.sirot!arkena.com, jsirot!weborama.com
	nfillot: nfillot!users.noreply.github.com
	peczenyj: peczenyj!users.noreply.github.com
WebsAddress:
	Stefan Lance: slance!twitter.com until 2014-06-01
Webstep:
	Stéphane Erbrech: serbrech!users.noreply.github.com, stephane.erbrech!gmail.com until 2017-05-01
Webtron:
	Petr Štetiar: ynezz!true.cz, ynezz!users.noreply.github.com
WeddingGuest:
	Majid Burney: majid.burney!leafly.com until 2014-06-01
Wedos:
	kvaps: kvaps!users.noreply.github.com, kvapss!gmail.com
Weebly:
	Casey Callendrello: c1!caseyc.net, casey.callendrello!coreos.com, cdc!redhat.com until 2016-05-01
Weibo.com:
	jolestar: jolestar!gmail.com
Wejoinin:
	Hsiu-Fan Wang: hfwang!porkbuns.net
Well-Typed:
	Ben Gamari: ben!smart-cactus.org from 2015-06-01
WellMatch:
	Faraaz Khan: faraaz!rationalizeit.us
Wells Fargo:
	Kenblair1226: blair1226!gmail.com
	gkGaneshR: gkGaneshR!users.noreply.github.com, gkganesh126!gmail.com from 2014-11-01 until 2015-12-01
Welltok:
	Duncan McNaught: duncan.mcnaught!welltok.com from 2015-09-15
Wendu:
	Alexander Prokopyev: xana4ok!gmail.com from 2014-03-01 until 2018-06-01
Wenverge:
	Purna Chandra Mandal: purna.mandal!microchip.com until 2014-05-01
Wercker:
	Aaron Rice: cube!sneakybox.com
	Benno van den Berg: bennovandenberg!gmail.com, hatchan!users.noreply.github.com
	Jacco Flenter: github!putpixel.nl
	Jeff Wolski: jeff!wercker.com from 2017-03-15
	Sergey Glushchenko: gsserge!gmail.com, gsserge!users.noreply.github.com
	Victoria Domalik: victoria.domalik!gmail.com
	mies: mies!wercker.com
	mies: mies!users.noreply.github.com
Wesleyan:
	opa-updater-automation: opa-updater-automation!openpolicyagent.org from 2015-09-01 until 2016-03-01
Western:
	Anup Patel: anup!brainfault.org from 2018-12-01
Western Digital:
	Adam Manzanares: adam.manzanares!hgst.com, adam.manzanares!wdc.com, nmtadam!gmail.com
	Aditya Agnihotri: aditya.agnihotri!wdc.com
	Alistair Francis: alistair.francis!wdc.com, alistair.francis!xilinx.com
	Anup Patel: anup.patel!wdc.com
	Atish Patra: atish.patra!wdc.com
	Avri Altman: avri.altman!wdc.com
	Bart Van Assche: bart.vanassche!sandisk.com, bart.vanassche!wdc.com, bvanassche!acm.org from 2016-10-01 until 2018-08-01
	Bart van Assche: bvanassche!wdc.com
	Benixon Dhas: benixon.dhas!wdc.com
	Chaitanya Kulkarni: chaitanya.kulkarni!wdc.com
	Damien Le Moal: damien.lemoal!wdc.com
	Daniel Taylor: daniel.taylor!wdc.com
	David Butterfield: david.butterfield!wdc.com
	Dmitriy Gorokh: dmitriy.gorokh!wdc.com
	Ethan Barnes: ethan.barnes!wdc.com
	James Alandt: james.alandt!wdc.com
	Jeff Lien: jeff.lien!wdc.com
	Masato Suzuki: masato.suzuki!wdc.com
	Matias Bjorling: matias.bjorling!wdc.com
	Matias Bjørling: m!bjorling.me
	Matias Bjørling: mb!lightnvm.io from 2018-01-01
	Naohiro Aota: naohiro.aota!wdc.com
	Noah Watkins: noahdesu!users.noreply.github.com, noahwatkins!gmail.com, nwatkins!redhat.com from 2014-01-01 until 2014-09-01
	Ohad Sharabi: ohad.sharabi!wdc.com
	Santosh kumar pradhan: santoshkumar.pradhan!wdc.com
	Shin'ichiro Kawasaki: shinichiro.kawasaki!wdc.com
	Stanislav Nijnikov: stanislav.nijnikov!wdc.com
	Suresh Jayaraman: suresh.jayaraman!wdc.com
	Timothy Thelin: timothy.thelin!wdc.com
Western Integrated Technologies:
	Michael Larson: mlarson!westernintech.com
Western Register:
	Oleg Shalygin: oshalygin!gmail.com until 2015-06-15
Westh Branch Resort:
	Sam Batschelet: hexfusion!users.noreply.github.com, sam!hexfusion.com, samb!endpoint.com, sbatsche!redhat.com, sbatschelet!mac.com until 2015-10-01
Weyland & Cordova:
	Luis Cordova: cordoval!gmail.com
Whalerock:
	Scott Jungwirth: sjungwirth!users.noreply.github.com from 2016-03-01 until 2017-09-01
Whamcloud:
	Andreas Dilger: adilger!dilger.ca from 2018-06-01
Whan Deepin:
	Felix Yan: felixonmars!archlinux.org from 2017-01-01
Wheely:
	Dmitry Galinsky: dima.exe!gmail.com
Whisker Labs:
	Evan Meagher: evan.meagher!gmail.com from 2015-02-01
	Evan Throat-Warbler Mangrove: evm!twitter.com from 2015-02-01
Whitepages:
	Dan Sabath: dsabath!whitepages.com
	Jack Foy: jfoy!whitepages.com
	Svend Sorensen: ssorensen!whitepages.com, svend!ciffer.net
Whywriteit:
	Tachibana waita: nikoniko.why+github!gmail.com, whywaita!users.noreply.github.com
Wi-Q:
	Sam Fleming: SamFleming!users.noreply.github.com, me!sam-fleming.co.uk
WibiData:
	Dan Burkert: dan!danburkert.com, danburkert!users.noreply.github.com until 2015-02-01
Widen:
	Michael Goodness: mgoodness!gmail.com, mgoodness!widen.com from 2015-10-01 until 2017-03-01
Wieview:
	Mohamed Mehany: 7327188+mohamed-mehany!users.noreply.github.com from 2017-08-01 until 2018-06-01
Wifirst:
	Florent Fourcot: florent.fourcot!wifirst.fr from 2015-10-01
Wigle:
	bobzilla: bobzilla!wigle.net
Wikibuy:
	Marlon: mdaverde!users.noreply.github.com from 2014-11-15
	Victor Trac: victor!cloudkite.io, victor.trac!gmail.com from 2015-06-01 until 2016-08-01
Wikimedia Deutschland e.V.:
	Jan Zerebecki: jan.kubernetes!zerebecki.de
Wikimedia Foundation:
	Antoine Musso: hashar!free.fr
	Cole White: cwhite!wikimedia.org
	David Barratt: dbarratt!wikimedia.org from 2017-05-01
	Faidon Liambotis: faidon!wikimedia.org
	Filippo Giunchedi: fgiunchedi!wikimedia.org, filippo!debian.org, filippo!wikimedia.org, filippog!users.noreply.github.com from 2014-05-01
	Giuseppe Lavagetto: glavagetto!wikimedia.org, lavagetto!users.noreply.github.com
	Luca Toscano: ltoscano!wikimedia.org
	Ryan Lane: laner!controller, rlane!wikimedia.org
	Tim Starling: tstarling!wikimedia.org
	Yuvi Panda: yuvipanda!gmail.com
	abogott: abogott!wikimedia.org
Wild Tangent:
	Brady Todhunter: brady.todhunter!gmail.com from 2016-01-01 until 2017-06-01
Wilibox:
	Darius Augulis: augulis.darius!gmail.com until 2017-02-01
WillCall:
	Patrick Tescher: pat2man!gmail.com
William Hill:
	Ducas Francis: ducas!ducasfrancis.com from 2015-07-01 until 2016-08-01
	bekbulatov: alexander!bekbulatov.ru
Williams-Sonoma:
	Gregory May: mrgregmay!gmail.com from 2017-01-01
Willowick Properties LLC:
	Gary Rookard: garyrookard!gmail.com from 2014-05-01
Wilshire Financial Network:
	Khoa Le: khoa.le!hrboss.com until 2014-06-15
Wimdu:
	Frederic Branczyk: fbranczyk!gmail.com until 2016-07-01
Winbond Electronics:
	Chunhao Huang: dzshen!winbond.com.tw
	Gong Jun: jgong!winbond.com
	Yuan Mu: ymu!winbond.com.tw
Wincor Nixdorf:
	Niels de Vos: niels.devos!wincor-nixdorf.com
	Watermeyer: stephan.watermeyer!wincor-nixdorf.com
Wincorn Nixdorf:
	Robert Panzer: robert.panzer.pb!googlemail.com until 2016-02-01
Wind River:
	Adrian Bradianu: adrian.bradianu!windriver.com
	Allain Legacy: alegacy!users.noreply.github.com, allain.legacy!windriver.com
	Allan Stephens: allan.stephens!windriver.com
	Amy Fong: amy.fong!windriver.com
	Anders Wallin: anders.wallin!windriver.com
	Andrew Liu: shengping.liu!windriver.com
	Andy Ross: andy.ross!windriver.com
	Benjamin Walsh: benjamin.walsh!windriver.com
	Bill Paul: wpaul!windriver.com
	Bin Yang: bin.yang!windriver.com
	Brett Ciphery: brett.ciphery!windriver.com
	Bruce Ashfield: bruce.ashfield!windriver.com
	Carol Lee: carol.lee!windriver.com
	Chris Friesen: chris.friesen!windriver.com
	Chris Krumme: chris.krumme!windriver.com
	Chris Torek: chris.torek!windriver.com
	Chunbo Luo: chunbo.luo!windriver.com
	Daeseok Youn: daeseok.youn!gmail.com from 2015-12-01 until 2017-10-01
	David Borman: david.borman!windriver.com
	Dmitriy Korovkin: dmitriy.korovkin!windriver.com
	Dongdong Deng: dongdong.deng!windriver.com
	Fan Du: fan.du!windriver.com, fdu!windriver.com
	Fupan Li: fupan.li!windriver.com
	Haiqing Bai: haiqing.bai!windriver.com
	Harry Ciao: qingtao.cao!windriver.com
	He Zhe: zhe.he!windriver.com
	Hong H. Pham: hong.pham!windriver.com
	Hongxu Jia: hongxu.jia!windriver.com
	Hui Zhu: hui.zhu!windriver.com
	Jack Tan: jack.tan!windriver.com
	Jason Wessel: jason.wessel!windriver.com
	Jeff Blais: jblais!windriver.com, jeff.blais!windriver.com
	Jennifer Marandola: jennifer.marandola!windriver.com
	Jeremy McNicoll: jeremy.mcnicoll!windriver.com
	Jiang Lu: lu.jiang!windriver.com
	Jibin Xu: jibin.xu!windriver.com
	Jim Somerville: jim.somerville!windriver.com
	Jiwei Sun: jiwei.sun!windriver.com
	Joe MacDonald: joe.macdonald!windriver.com
	Johan Kruger: johan.kruger!windriver.com
	Kevin Hao: kexin.hao!windriver.com
	Lans Zhang: jia.zhang!windriver.com
	Lei Yang: lei.yang!windriver.com
	Liang Li: liang.li!windriver.com
	Liming Wang: liming.wang!windriver.com
	Liwei Song: liwei.song!windriver.com
	Mark Asselstine: mark.asselstine!windriver.com
	Mark Zhan: rongkai.zhan!windriver.com
	Matt Gessner: matt.gessner!windriver.com
	Michel Thebeau: michel.thebeau!windriver.com
	Paul Gortmaker: paul.gortmaker!windriver.com
	Pengyu Ma: pengyu.ma!windriver.com
	Peter Mitsis: peter.mitsis!windriver.com
	Qi Hou: qi.hou!windriver.com
	Rick Demers: richard.demers!windriver.com
	Roy.Li: rongqing.li!windriver.com
	Rui Wang: rui.wang!windriver.com
	Sahara: keun-o.park!windriver.com
	Shan Hai: shan.hai!windriver.com
	Shigeru Yoshida: shigeru.yoshida!windriver.com
	Stanley Miao: stanley.miao!windriver.com
	Steve Yang: steve.yang!windriver.com
	Subramani Venkatesh: subramani.venkatesh!windriver.com
	Tiejun Chen: tiejun.chen!windriver.com
	Tom Rix: tom.rix!windriver.com
	Tom(JeHyeon) Yeon: tom.yeon!windriver.com
	Tonyliu: bo.liu!windriver.com
	Vlad Lungu: vlad.lungu!windriver.com
	Wang Zhi: zhi.wang!windriver.com
	Weiwei Wang: weiwei.wang!windriver.com
	Weixing Shi: weixing.shi!windriver.com
	Wenlin Kang: wenlin.kang!windriver.com
	Wufei: fei.wu!windriver.com
	Xiaotian Feng: xiaotian.feng!windriver.com
	Xufeng Zhang: xufeng.zhang!windriver.com
	Xulin Sun: xulin.sun!windriver.com
	Yadi Hu: yadi.hu!windriver.com
	Yang Shi: yang.shi!linux.alibaba.com until 2017-07-01
	Yang Shi: yang.shi!windriver.com
	Yang Wei: wei.yang!windriver.com
	Yanjiang Jin: yanjiang.jin!windriver.com
	Yi Zhao: yi.zhao!windriver.com
	Ying Xue: ying.xue!windriver.com
	Yong Zhang: yong.zhang!windriver.com, yong.zhang0!windriver.com
	Zhang Xiao: xiao.zhang!windriver.com
	Zhenbo Gao: zhenbo.gao!windriver.com
	Zhu Yanjun: yanjun.zhu!windriver.com
	Zumeng Chen: zumeng.chen!windriver.com
	mhirst: michael.hirst!windriver.com
Windmill Engineering:
	Nick Santos: nicholas.j.santos!gmail.com
Winklevoss:
	Jeremy Voorhis: jvoorhis!gmail.com from 2014-04-01 until 2014-10-01
Wintoncode:
	Morgan Parry: m.parry!winton.com
Wipcore:
	Roger Steneteg: 36709673+rsteneteg!users.noreply.github.com until 2015-01-01
	Roger Steneteg: rsteneteg!ea.com until 2015-06-01
Wipro:
	Amit Kumar Jaiswal: amitkumarj441!gmail.com
	Kaustav Majumdar: kaustav.majumdar!wipro.com
	Rajakavitha1: 37059749+rajakavitha1!users.noreply.github.com, Rajakavitha1!users.noreply.github.com, krajakavitha!gmail.com from 2017-10-01
	Santiago Torres: torresariass!gmail.com from 2017-10-01
	Shani Moideen: shani.moideen!wipro.com
	Surya Prabhakar N: surya.prabhakar!wipro.com
	harsh.mishra: harsh.mishra!imaginea.com until 2015-04-10
	harsh.mishra: harsh.mishra!live.com until 2015-04-10
	harsh.mishra: harsh.mishra!wipro.com until 2015-04-10
	mh.harsh: mh.harsh!gmail.com until 2015-04-10
	vignesh babu: vignesh.babu!wipro.com
Wire Filter:
	Ibrahim AshShohail: ibrasho!users.noreply.github.com, me!ibrasho.com from 2015-12-01 until 2016-12-01
WireLoad:
	Viktor Petersson: vpetersson!users.noreply.github.com, vpetersson!wireload.net
Wirecard:
	Heiner Kallweit: hkallweit1!gmail.com
Wiredoraft:
	Benjamin: ben-st!diffus.org, bflance!users.noreply.github.com from 2015-02-01 until 2015-07-01
Wiredrive:
	Kyle Gato: kyle!wiredrive.com, kyle.gato!gmail.com
Wiremind:
	Cédric de Saint Martin: cdesaintmartin!wiremind.fr, cedric!desaintmartin.fr, desaintmartin!users.noreply.github.com from 2018-03-01
Wirtualna Polska:
	Przemysław Sobala: przemyslaw.sobala!grupawp.pl
Wisch:
	Tara Gu: tara.weiqing!gmail.com from 2017-11-01 until 2018-03-01
Wise2c:
	Wise2C: systemadmin!wise2c.com
	andyyoung01: yangdong!wise2c.com
	yunl.zheng: yunl.zheng!wise2c.com
Wisenergy:
	Leonid V. Fedorenchik: leonidsbox!gmail.com until 2014-12-01
Wish:
	Thomas Jackson: jacksontj.89!gmail.com from 2017-03-15
	Tomas Virgl: tvirgl!wish.com from 2018-02-01
Wisma:
	Mikael Hammarin: mikael!try2.se until 2015-11-01
WisorBox:
	Jeff Marshall: camros!users.noreply.github.com from 2016-11-01
	camros: jam!camros.com from 2016-11-01
Witekio:
	Antoine Tenart: antoine.tenart!bootlin.com, antoine.tenart!free-electrons.com until 2014-01-01
	Aurelien Jacquiot: jacquiot.aurelien!gmail.com from 2016-03-01
Withing:
	Clément Péron: peron.clem!gmail.com until 2017-03-01
Wizeline:
	Agustin Lucchetti: agusl88!users.noreply.github.com, agustin.lucchetti!gmail.com
Wizery:
	Arik Nemtsov: arik!wizery.com until 2018-03-01
	Ohad Ben-Cohen: ohad!wizery.com from 2018-03-01
WizziLabs:
	Helen Fornazier: helen.fornazier!gmail.com until 2014-07-01
Wobe Indonezia:
	Adrianna Tan: skinnylatte!gmail.com until 2018-06-01
Wojkat:
	wwojcik: wwojcik!users.noreply.github.com
Wolfsom:
	Charles Keepax: ckeepax!opensource.cirrus.com, ckeepax!opensource.wolfsonmicro.com from 2012-09-01 until 2014-08-01
Wolfson Microelectronics:
	Anil Kumar: anil.kumar!wolfsonmicro.com
	Chris Rattray: crattray!opensource.wolfsonmicro.com
	D.J. Barrow: dbarrow!wolfsonmicro.com
	Dennis May: dennis.may!wolfsonmicro.com
	Dimitris Papastamos: dp!opensource.wolfsonmicro.com
	Graeme Gregory: gg!opensource.wolfsonmicro.com
	Heather Lomond: heather.lomond!wolfsonmicro.com, hlomond!opensource.wolfsonmicro.com
	Ian Lartey: ian!opensource.wolfsonmicro.com
	Jaswinder Jassal: jjassal!opensource.wolfsonmicro.com
	Joseph Pentland: jp!opensource.wolfsonmicro.com
	Karl Tsou: karl!opensource.wolfsonmicro.com
	Keiji Mitsuhisa: keiji.mitsuhisa!wolfsonmicro.com
	Kieran O'Leary: kieran.o'leary!wolfsonmicro.com
	Kyung-Kwee Ryu: kyung-kwee.ryu!wolfsonmicro.com
	Liam Girdwood: lg!opensource.wolfsonmicro.com, liam.girdwood!wolfsonmicro.com
	Mayuresh Kulkarni: mkulkarni!opensource.wolfsonmicro.com
	Mike Arthur: mike.arthur!wolfsonmicro.com
	Nariman Poushin: nariman!opensource.wolfsonmicro.com, nariman.poushin!wolfsonmicro.com
	Nikesh Oswal: nikesh!opensource.wolfsonmicro.com, nikesh.oswal!wolfsonmicro.com
	Piotr Stankiewicz: piotrs!opensource.wolfsonmicro.com
	Richard Fitzgerald: rf!opensource.wolfsonmicro.com
	Ryo Tsutsui: ryo.tsutsui!wolfsonmicro.com
	Scott Ling: scott.ling!wolfsonmicro.com, sl!opensource.wolfsonmicro.com
	Simon Trimmer: simont!opensource.wolfsonmicro.com
	Stuart Henderson: stuarth!opensource.wolfsonmicro.com
	Susan Gao: sgao!opensource.wolfsonmicro.com
	Tommy Zhu: tommy.zhu!wolfsonmicro.com
WoltLab:
	Tim Düsterhus: TimWolla!users.noreply.github.com, tim!bastelstu.be
Womany:
	StevenYCChou: yencheng.chou!gmail.com until 2014-01-15
Wombat Software UG:
	Daniel Sachse: mail!wombatsoftware.de
Wondershake:
	nownabe: nownabe!gmail.com, nownabe!users.noreply.github.com from 2017-07-01
Wongnai.com:
	Manatsawin Hanmongkolchai: manatsawin!wongnai.com
Woods Bagot:
	Alexander Kachkaev: alexander!kachkaev.ru from 2016-04-15
Wooga:
	stephan lindauer: stephanlindauer!posteo.de, stephanlindauer!users.noreply.github.com until 2016-04-01
Woolworths Group:
	Ducas Francis: ducas!ducasfrancis.com from 2017-08-01
Workday:
	Adam Gordon: adam!gordonizer.com from 2017-10-01
	Alessandro De Filippo: ale.defilippo!workday.com
	Brian Fletcher: brian.jf.fletcher!gmail.com
	John Welsh: john.welsh!gmail.com, john.welsh!workday.com
	PJ Fanning: pjfanning!users.noreply.github.com until 2018-04-01
	adrian: adrian!17od.com from 2013-08-05
	adrian.smith: adrian.smith!workday.com from 2013-08-05
	adrian_f_smith: adrian_f_smith!dell.com from 2013-08-05
	alexander.pugachev: alexander.pugachev!workday.com
	amir: amir!users.noreply.github.com
	edgar.magana: edgar.magana!workday.com from 2014-07-18
	emagana: emagana!gmail.com from 2014-07-18
	eperdomo: eperdomo!cisco.com from 2014-07-18
	howard.abrams: howard.abrams!gmail.com
	iacopo.pace: iacopo.pace!workday.com
	imtiaz.chowdhury: imtiaz.chowdhury!workday.com
	jeff.fischer: jeff.fischer!workday.com
	johanni.thunstrom: johanni.thunstrom!workday.com
	kasey.alusi: kasey.alusi!gmail.com
	kyle.jorgensen: kyle.jorgensen!workday.com
	mark.gloshen: mark.gloshen!workday.com
	megan.baker: megan.baker!workday.com
	mick.mccarthy: mick.mccarthy!workday.com
	niall.donegan: niall.donegan!workday.com
	patanella: patanella!gmail.com
	piyush.srivastava: piyush.srivastava!workday.com
	raj.nanduri: raj.nanduri!workday.com
	sachin.shukla: sachin.shukla!workday.com
	sam: sam!cassiba.com
	samuel.cassiba: samuel.cassiba!workday.com
	scarvalhojr: scarvalhojr!gmail.com
	sergio.carvalho: sergio.carvalho!workday.com
	sirisha.areti: sirisha.areti!hotmail.com
	sitakanta.hotta: sitakanta.hotta!workday.com
	zerodivisible: zerodivisible!gmail.com
Workiva:
	Alexander Campbell: alexanderhcampbell!gmail.com, campbellalex!google.com until 2016-08-15
	Charlie Strawn: cdstrawn!gmail.com, charlie.strawn!workiva.com
	Dustin Lessard: dustin.lessard!workiva.com
	Justin Lindh: justin.lindh!webfilings.com
	Theisen Sanders: theisen.sanders!workiva.com
	Trenton Smith: trenton.smith!workiva.com
	Tyler Treat: ttreat31!gmail.com, tylertreat-wf!users.noreply.github.com until 2017-05-01
	brandonbodnar-wk: brandonbodnar-wk!users.noreply.github.com
	garrickpeterson-wf: garrickpeterson-wf!users.noreply.github.com
	kareemstraker-wk: kareemstraker-wk!users.noreply.github.com
	kennytrytek-wf: kennytrytek-wf!users.noreply.github.com
	kevinsookocheff-wf: kevinsookocheff-wf!users.noreply.github.com
	nickolaskraus-wf: nickolaskraus-wf!users.noreply.github.com
	robertsheehy-wf: robertsheehy-wf!users.noreply.github.com
	tylerrinnan-wf: tylerrinnan-wf!users.noreply.github.com
	tylerstapler-wf: tylerstapler-wf!users.noreply.github.com
Workshare:
	Sergio Millan: sermilrod!gmail.com, sermilrod!users.noreply.github.com from 2014-09-01 until 2017-10-01
World Wide Technology:
	Dennis Adjei-Baah: dennis!buoyant.io until 2015-08-01, from 2016-05-01 until 2016-08-01
	JeremJR: jeremy.jacquier-roux!bonitasoft.org until 2015-08-01, from 2016-05-01 until 2016-08-01
	William Caban: william.caban!savantadvisors.com
Worldbroken:
	Bill Pemberton: wfp5p!worldbroken.com from 2013-10-01
Worldline:
	Julien Levesy: jlevesy!tea-ebook.com until 2014-12-01
Worldline by Atos:
	Augustin Husson: Nexucis!users.noreply.github.com, husson.augustin!gmail.com from 2014-05-01 until 2014-08-01
Wowfan.cz:
	Vít Ondruch: v.ondruch!tiscali.cz
Wpro Digital:
	Chris Vest: hotdogsandfrenchfries!gmail.com from 2017-09-01 until 2017-12-01
Wuala:
	Tobias Brunner: tobias!tobru.ch, tobru!users.noreply.github.com from 2014-08-01 until 2015-03-01
Wunder Carpool:
	Bruno: bcorijn!users.noreply.github.com, bruno.bandeira!gmail.com, brusMX!users.noreply.github.com from 2017-04-01 until 2018-02-01
Wurzel3:
	Florian Pfitzer: pfitzer!w3p.cc
X, the moonshot factory:
	Satnam Singh: satnam!google.com, satnam!raintown.org, satnam6502!gmail.com from 2017-03-15
X-Infotech SIA:
	Eugene Chertikhin: e.chertikhin!crestwavetech.ru from 2014-07-01 until 2015-10-01
X-ion:
	Jens Rosenboom: j.rosenboom!x-ion.de
	Mouad Benchchaoui: m.benchchaoui!x-ion.de
	Stephan Renatus: s.renatus!x-ion.de, srenatus!chef.io from 2014-01-01 until 2014-06-01
X41 D-Sec:
	Eric Sesterhenn: eric.sesterhenn!x41-dsec.de from 2016-10-01
XAMCHECK:
	Abhishek Kumar Singh: toanant!users.noreply.github.com from 2014-11-01 until 2016-12-01
	abhishekkumarsingh1: abhishekkumarsingh1!users.noreply.github.com from 2014-11-01 until 2016-12-01
XCellAir:
	Sebastien Coavoux: s.coavoux!free.fr, sebastien.coavoux!nuance.com
XING:
	Julian Knocke: knocke.julian!gmail.com
XLAB:
	Miha Pleško: miha.plesko!xlab.si
XO Group:
	Peter Whitesell: peterwhitesell!gmail.com
XO Tel:
	Mikhail Vasilenko: mvasilenko!gmail.com from 2013-01-15
XPLOR:
	JuleeB1: 42522858+juleeb1!users.noreply.github.com from 2017-07-01
XPRIZE:
	Jono: jono!foodnotblogs.com from 2014-05-01 until 2015-11-01
XS inc:
	Taeung Song: treeze.taeung!gmail.com from 2012-02-01 until 2015-09-01
XS4ALL:
	Kai S: kai!xs4all.nl
	Kai Storbeck: kai!xs4all.net
XSky:
	Haomai Wang: haomai!xsky.com, haomai!xsky.io, haomaiwang!gmail.com
	Min Chen: chenmin!xsky.com
	MingXin Liu: mingxinliu!ubuntukylin.com
	Mingxin Liu: mingxin!xsky.com
	Tianshan Qu: qutianshan!gmail.com, tianshan!xsky.com
	Xinze Chi: xinze!xsky.com, xmdxcxz!gmail.com
	Zhi Wang: wangzhi!xsky.com
	Zhiqiang Wang: zhiqiang!xsky.com
	hechuang: hechuang!xsky.com
	huangjun: huangjun!xsky.com
XVT Solutions:
	Will Thames: will!thames.id.au from 2016-12-01 until 2018-04-01
XWiki:
	Guillaume Delhumeau: guillaume.delhumeau!xwiki.com
	Shubham Jain: shubhamkjain!outlook.com, slayerjain!users.noreply.github.com from 2017-05-01 until 2018-08-01
	Thomas Mortagne: thomas.mortagne!gmail.com, thomas.mortagne!xwiki.com
	Vincent Massol: vincent!massol.net
Xarvio:
	Michal Budzyn: everesio!users.noreply.github.com, michalbudzyn!gmail.com from 2018-06-01
Xavier Vaucois:
	faascape: xm!faascape.com
Xavor Corporation:
	MQasimSarfraz: MQasimSarfraz!users.noreply.github.com, syed.qasim.sarfraz!gmail.com from 2014-05-01 until 2014-09-01
Xcaliber:
	Maciej Bryński: maciek-github!brynski.pl, maver1ck!users.noreply.github.com from 2017-11-01
Xda:
	Jesse Chan: jc!linux.com from 2015-03-01 until 2017-01-01
Xe.com:
	Marwan Ahmed: mrwnad!gmail.com from 2015-05-01 until 2015-08-01
Xebia:
	Arnout Engelen: arnouten!bzzt.net, github!bzzt.net until 2017-03-01
	Sebastiaan van Steenis: superseb!users.noreply.github.com until 2014-04-01
Xebia France:
	Julien BONACHERA: jbonachera!xebia.fr
XenProject:
	Tülin İzer: tulinizer!gmail.com until 2014-08-01
XenSource:
	Christian Limpach: christian.limpach!xensource.com
	Ian Campbell: ian.campbell!xensource.com
	Ian Pratt: ian.pratt!xensource.com
	Jeremy Fitzhardinge: jeremy!xensource.com
	Keir Fraser: keir!xensource.com
	Steven Smith: ssmith!xensource.com
	Wim Colgate: wim!xensource.com
Xens:
	Frans Klaver: fransklaver!gmail.com until 2015-08-01
Xeraflop:
	Nicolas Dextraze: nicdex!users.noreply.github.com from 2015-04-15 until 2015-12-15
Xero:
	Henry Muru Paenga: meringu!gmail.com
	Kierran McPherson: KierranM!users.noreply.github.com, kierranm!gmail.com from 2015-02-01
Xerox:
	Andrew Klossner: andrew!cesa.opbu.xerox.com
	Chakradhar Rao Jonagam: debianmaster!users.noreply.github.com until 2014-08-01
Xevo:
	Martin Kelly: martin!martingkelly.com from 2015-01-01
Xiachufang:
	morefreeze: morefreeze!gmail.com from 2016-05-01
XiangCloud:
	darkwsh: darkwsh!gmail.com
	genghang888: genghang888!gmail.com
	genghanghang: genghanghang!xiangcloud.com.cn
	panhaiyang: panhaiyang!xiangcloud.com
	wangshaohui: wangshaohui!xiangcloud.com.cn
XiaoMi:
	MoreFreeze: morefreeze!users.noreply.github.com
	fangyuhao: fangyuhao!xiaomi.com
	lgyjg: lgyjg!users.noreply.github.com
	liipx: liipx!users.noreply.github.com
	neverchanje: neverchanje!users.noreply.github.com
Xiaohongshu:
	yue9944882: 291271447!qq.com, yue9944882!users.noreply.github.com from 2016-11-01 until 2018-06-01
Xiaomi:
	Geliang Tang: geliangtang!163.com, geliangtang!gmail.com from 2016-04-01
Xiaomi.com:
	qujinping: jjqquu!gmail.com
Xiling:
	Stefano Stabellini: sstabellini!kernel.org from 2018-04-01
Xilinx:
	Anirudha Sarangi: anirudh!xilinx.com, anirudha.sarangi!xilinx.com
	Anurag Kumar Vulisha: anurag.kumar.vulisha!xilinx.com, anuragku!xilinx.com
	Appana Durga Kedareswara Rao: appana.durga.rao!xilinx.com
	Bharat Kumar Gogada: bharat.kumar.gogada!xilinx.com, bharatku!xilinx.com
	Brian Hill: brian.hill!xilinx.com
	Christian Kohn: christian.kohn!xilinx.com
	Christina Smith: christina.smith!xilinx.com
	David Holsgrove: david.holsgrove!xilinx.com
	David Mc Andrew: david.mcandrew!xilinx.com
	Deepika Dhamija: deepika!xilinx.com
	Dhaval Shah: dhaval.shah!xilinx.com, dshah!xilinx.com
	Edgar E. Iglesias: edgar.iglesias!xilinx.com
	Ezra Savard: ezra.savard!xilinx.com
	Goran Bilski: goran!xilinx.com
	Harini Katakam: harini.katakam!xilinx.com, harinik!xilinx.com
	Hyun Kwon: hyun.kwon!xilinx.com
	Jagan Teki: jagan!amarulasolutions.com until 2014-01-01
	Jason Wu: huanyu!xilinx.com, j.wu!xilinx.com
	John Linn: john.linn!xilinx.com
	John Williams: john.williams!xilinx.com
	Jolly Shah: jolly.shah!xilinx.com, jollys!xilinx.com
	Julie Zhu: julie.zhu!xilinx.com
	Kedareswara rao Appana: appanad!xilinx.com
	Kiran Sutariya: kirans!xilinx.com
	Manish Narani: manish.narani!xilinx.com, mnarani!xilinx.com
	Maruthi Srinivas Bayyavarapu: maruthi.srinivas.bayyavarapu!xilinx.com
	Maulik Jodhani: maulik.jodhani!xilinx.com
	Michal Simek: michal.simek!xilinx.com
	Naga Sureshkumar Relli: naga.sureshkumar.relli!xilinx.com, nagasure!xilinx.com
	Nathan Rossi: nathan.rossi!xilinx.com
	Nava kishore Manne: nava.manne!xilinx.com, navam!xilinx.com
	P L Sai Krishna: lakshmi.sai.krishna.potthuri!xilinx.com, lakshmis!xilinx.com
	Paul Hartke: paul.hartke!xilinx.com
	Peter Crosthwaite: peter..crosthwaite!xilinx.com, peter.crosthwaite!xilinx.com
	Punnaiah Choudary Kalluri: punnaia!xilinx.com, punnaiah.choudary.kalluri!xilinx.com
	Radhey Shyam Pandey: radhey.shyam.pandey!xilinx.com, radheys!xilinx.com
	Rajan Vaja: rajan.vaja!xilinx.com, rajanv!xilinx.com
	Ranjit Waghmode: ranjit.waghmode!xilinx.com
	Ravi Kiran Gummaluri: rgummal!xilinx.com
	Sadanand M: sadanan!xilinx.com
	Sadanand Mutyala: sadanand.mutyala!xilinx.com
	Sai Pavan Boddu: sai.pavan.boddu!xilinx.com, saipava!xilinx.com
	Shubhrajyoti Datta: shubhraj!xilinx.com, shubhrajyoti.datta!xilinx.com
	Srikanth Thokala: srikanth.thokala!xilinx.com, sthokal!xilinx.com
	Stefan Asserhall: stefana!xilinx.com
	Stefano Stabellini: stefanos!xilinx.com
	Stephen Neuendorffer: stephen.neuendorffer!xilinx.com
	Subbaraya Sundeep Bhatta: sbhatta!xilinx.com, subbaraya.sundeep.bhatta!xilinx.com
	Suneel: suneelg!xilinx.com
	Suneel Garapati: suneel.garapati!xilinx.com
	Swapna Manupati: swapna.manupati!xilinx.com, swapnam!xilinx.com
	Sören Brinkmann: soren.brinkmann!xilinx.com
	Tanvi Desai: tanvi.desai!xilinx.com
	Tejas Patel: tejasp!xilinx.com
	VNSL Durga: vnsl.durga.challa!xilinx.com, vnsldurg!xilinx.com
	Vineeth Chowdary Karumanchi: vineethchowz.chowdary!xilinx.com
	Vinesh Peringat: vineshp!xilinx.com
	Vishnu Motghare: vishnum!xilinx.com
	Wendy Liang: jliang!xilinx.com, wendy.liang!xilinx.com
Xindong Network:
	Yecheng Fu: cofyc.jackson!gmail.com, fuyecheng!qiniu.com until 2015-09-01
Xinyx:
	Eva Rachel Retuya: eraretuya!gmail.com until 2014-02-01
XiweiTech:
	Dean Shi: shirdrn!gmail.com
Xmartlabs:
	Santiago Castro: bryant!montevideo.com.uy
Xor:
	Vladimir Vivien: vivienv!vmware.com, vladimir.vivien!gmail.com, vladimirvivien!users.noreply.github.com from 2015-05-01 until 2015-10-01
Xorg:
	Emil Velikov: emil.velikov!collabora.com until 2014-08-01
Xoriant:
	Swapnil Kulkarni: coolsvap!gmail.com, me!coolsvap.net from 2016-12-30
	coolsvap: coolsvap!redhat.com from 2016-12-30
Xperious:
	Gytis: gytis!xperious.com
Xpreso:
	Eamon Keane: EamonKeane!users.noreply.github.com, eamon.keane1!gmail.com
Xref:
	Daniel Whatmuff: danielwhatmuff!users.noreply.github.com from 2016-09-01 until 2017-12-01
Xsilon:
	Martin Townsend: mtownsend1973!gmail.com until 2015-08-01
Xstream:
	Michał Sochoń: kaszpir!gmail.com, nvtkaszpir!users.noreply.github.com until 2017-06-01
Xtera:
	Changli Gao: xiaosuo!gmail.com until 2014-03-01
XunLei Networks:
	tangxinfa: tangxinfa!gmail.com
Xune BVBA:
	Maurus Cuelenaere: mcuelenaere!gmail.com until 2014-03-01
Xyratex:
	Nikita Danilov: nikita.danilov!aquantia.com until 2014-03-01
Y Soft:
	Michal Vokáč: michal.vokac!ysoft.com from 2017-01-01
Y. Hata:
	Michael H. Oshita: ijinpublic+github!gmail.com
YAISE:
	Patrick Boettcher: p!yai.se from 2016-03-01
YAS:
	Petr Kulhavy: brain!jikos.cz from 2016-05-01
YDEK Productions:
	Matt Robenolt: matt!ydekproductions.com until 2015-09-15
YMT:
	Fu Xu: fuxu!fuxu.name
YP:
	Adam Avilla: aavilla!yp.com until 2016-11-01
YPlan:
	Aaron Kirkbride: aaron!aaronkirkbride.com, aaron7!users.noreply.github.com from 2014-12-01 until 2017-04-01
YTEC:
	Ceesjan Luiten: ceesjan!ytec.nl
YY:
	Homer Huang: aclisp!gmail.com
Yadex:
	Roman Gushchin: guroan!gmail.com until 2016-01-01
Yahoo:
	Albert So: kingfai!yahoo-inc.com
	Andrew Hsu: andrewhsu!acm.org, andrewhsu!users.noreply.github.com until 2016-09-01
	Arun KS: arunks!codeaurora.org until 2015-04-01
	Dean Yu: dty!yahoo-inc.com
	Derek Che: drc!yahoo-inc.com
	Dmitry Savintsev: dsavints!yahoo-inc.com
	EJ: ejc3!yahoo-inc.com
	Guang Yang: yguang!yahoo-inc.com
	Haifeng Liu: haifeng!yahoo-inc.com
	Ivan A. Melnikov: melnikov!yahoo-inc.com
	Jacob Tolar: jtolar!yahoo-inc.com
	Jim-Lin: Jim-Lin!users.noreply.github.com, acgsong.tw!yahoo.com.tw
	Joshua Harlow: harlowja!gmail.com, harlowja!yahoo-inc.com until 2016-03-16
	Larry Bordowitz: lbordowitz!yahoo-inc.com
	Lei Dong: leidong!yahoo-inc.com
	Lucien Volmar: volmarl!users.noreply.github.com until 2014-02-01
	Mark McClain: mmcclain!yahoo-inc.com from 2014-01-10 until 2014-11-30
	Martin Polden: martin.polden!gmail.com
	Masahiro Sano: sabo.ttenda!gmail.com until 2015-10-01
	Owen Mehegan: omehegan!yahoo-inc.com
	Quentin Barnes: qbarnes!yahoo-inc.com, qbarnes+linux!yahoo-inc.com, qbarnes+nfs!yahoo-inc.com
	Ravi L R: ravilr!yahoo-inc.com
	Ray Lv: raylv!yahoo-inc.com, xiangyulv!gmail.com
	Ruby Loo: rloo!yahoo-inc.com until 2016-04-06
	Sanjana Joshi Bhat: sanjana-bhat!users.noreply.github.com, sanjana.2589!gmail.com
	Sean Roberts: seanrob!yahoo-inc.com, seanroberts66!gmail.com until 2014-08-08
	Shun Takebayashi: shun!takebayashi.asia
	Sidhartha Mani: wlan0!users.noreply.github.com until 2014-11-01
	Sudarshan Muralidhar: smuralidhar!yahoo-inc.com
	Takashi Kusumi: takashi.kusumi!gmail.com
	Tanya Brokhman: tlinder!codeaurora.org from 2016-03-01
	Tim Daly Jr: timjr!yahoo-inc.com
	Vinit Mahedia: vinit.mahedia!gmail.com from 2013-08-15 until 2015-10-15
	Yash Parikh: parikh.yash21!gmail.com until 2016-05-15
	Zhi (David) Zhang: zhangz!yahoo-inc.com
	harlowja: harlowja!fastmail.com until 2016-03-16
	harlowja: harlowja!outlook.com until 2016-03-16
	jjiang: jjiang!yahoo-corp.jp
	jxharlow: jxharlow!godaddy.com until 2016-03-16
	lhcheng: lhcheng!yahoo-inc.com from 2014-09-26
	lin-hua.cheng: lin-hua.cheng!hp.com from 2014-09-26
	luowei: luowei!yahoo-inc.com
	manolama: manolama!users.noreply.github.com
	mark: mark!akanda.io from 2014-01-10 until 2014-11-30
	mark: mark!mcclain.xyz from 2014-01-10 until 2014-11-30
	mark.mcclain: mark.mcclain!dreamhost.com from 2014-01-10 until 2014-11-30
	melwitt: melwitt!redhat.com until 2016-03-29
	melwitt: melwitt!yahoo-inc.com until 2016-03-29
	melwittt: melwittt!gmail.com until 2016-03-29
	opensrloo: opensrloo!gmail.com until 2016-04-06
	os.lcheng: os.lcheng!gmail.com from 2014-09-26
	pran1990: praneshpg!gmail.com
	praneshp: praneshp!yahoo-inc.com
	rloo: rloo!oath.com until 2016-04-06
	rlooyahoo: rlooyahoo!gmail.com until 2016-04-06
	ruby.loo: ruby.loo!intel.com until 2016-04-06
	sean.roberts: sean.roberts!akanda.io until 2014-08-08
	slupers: slupers!yahoo-inc.com
	slupers1: slupers1!yahoo.com
	sunwei: sunwei!yahoo-inc.com
	suresh: sureshv!yahoo-inc.com
	surojit-pathak: surojit-pathak!users.noreply.github.com
	takashi.sogabe: takashi.sogabe!gmail.com
	tasogabe: tasogabe!yahoo-corp.jp
	wahengchang: wahengchang!users.noreply.github.com
	wlan0: sid!rancher.com, sidharthamn!gmail.com until 2014-11-01
Yak Shave:
	Anatoli Babenia: anatoli!rainforce.org
Yammer:
	Brian Morton: brian!xq3.net
	mikejihbe: mikejihbe!users.noreply.github.com
Yandex:
	Alexander Bulaev: alexbool!yandex-team.ru
	Alexander Gerasiov: gerasiov!yandex-team.ru
	Alexey Baranov: me!kotiki.cc
	Andrey Baidarov: baidarov!yandex-team.ru
	Andrey Bulgakov: bulgakov!tranio.ru until 2016-06-01
	Andrey Ignatov: rdna!fb.com until 2015-09-01
	Andrey Smetanin: asmetanin!yandex-team.ru
	Andrey Stepachev: octo!yandex-team.ru
	Anton: askon23!gmail.com, donnikanton!users.noreply.github.com until 2015-08-01
	Artem Eroshenko: eroshenkoam!yandex-team.ru
	Artem Koshelev: artkoshelev!yandex-team.ru
	Boris Zhmurov: zhmurov!yandex-team.ru
	Dmitriy Zinin: Kami-no!users.noreply.github.com, admin!kami-no.ru from 2016-08-01 until 2018-10-01
	Dmitry Bilunov: kmeaw!yandex-team.ru
	IgorPerikov: IgorPerikov!users.noreply.github.com, perikov.igor!gmail.com from 2016-11-01
	Ilya Zasimov: austry!yandex-team.ru
	Ivan Krutov: vania-pooh!yandex-team.ru
	Konstantin Khlebnikov: khlebnikov!yandex-team.ru
	Marat Mavlyutov: mavlyutov!yandex-team.ru
	Max Khardin: mkhardin!yandex-team.ru
	MerkushevKirill: lanwen!yandex-team.ru
	Nikita V. Shirokov: tehnerd!tehnerd.com until 2015-09-01
	Nikita Vetoshkin: nekto0n!yandex-team.ru
	Nikolay Bryskin: nbryskin!yandex-team.ru
	Pavel Safronov: prius!yandex-team.ru
	Roman Gushchin: klamm!yandex-team.ru
	Sergey Chipiga: svchipiga!yandex-team.ru
	Sergey Mudrik: sergey.mudrik!gmail.com until 2016-05-01
	Stanislav Fomichev: stfomichev!yandex-team.ru
	Vadim Fedorenko: junk!yandex-team.ru, vfedorenko!yandex-team.ru
	Valentine Sinitsyn: valesini!yandex-team.ru
	Yevgeny Petukhov: petukhov.yevgeny!gmail.com, yepninja!users.noreply.github.com from 2017-06-01 until 2018-07-01
	dchr: dchr!yandex-team.ru
	kuhtich: kuhtich!yandex-team.ru
	lopashev: lopashev!yandex-team.ru
	pupssman: pupssman!yandex-team.ru
Yandex Money:
	Nail Islamov: nilebox!users.noreply.github.com, nislamov!atlassian.com until 2016-05-01
Yandex N.V:
	hudashot: anarranaya!yandex.com
YelloSoft:
	Andrew Pennebaker: apennebaker!datapipe.com from 2016-08-01 until 2017-01-01
Yellow:
	Kieran Brownlees: kieran!mootium.co until 2016-05-01
Yelp:
	Ammar Aijazi: aaijazi!google.com, aaijazi!users.noreply.github.com until 2014-09-01
	Ben Plotnick: ben.plotnick!gmail.com, bplotnick!users.noreply.github.com from 2016-03-01
	Eric Chu: ericchu!yelp.com
	George Bashi: george!bashi.co.uk
	Lee Briggs: lbriggs!apptio.com from 2015-07-01 until 2015-09-01
	Patrick Lucas: me!patricklucas.com until 2016-04-01
	Prateek Agarwal: prat0318!gmail.com
	Sam Laane: samlaane!gmail.com from 2014-05-01 until 2014-08-01
	Sophie Haskins: sophaskins!github.com from 2014-05-15 until 2015-07-15
YesMastr:
	Praveen Kumar: kumarpraveen.nitdgp!gmail.com
Yet-another Challenges:
	Sangho Yi: antiroot!gmail.com from 2014-03-01
YetaAG:
	Till Klocke: dereulenspiegel!users.noreply.github.com until 2015-09-01
Yext:
	Meir Fischer: meirfischer!gmail.com
Ygrene Energy Fund:
	Austin Adams: austbot!users.noreply.github.com
	Zach Arnold: me!zacharnold.org from 2016-08-01
	austin: me!austbot.com
Yielbot:
	cmfatih: cmuratfatih!gmail.com from 2014-08-01 until 2016-12-01
Yieldlab:
	Tom Wieczorek: twz123!users.noreply.github.com from 2017-01-01
Yieldmo:
	Jess: jessica.valarezo!docker.com until 2016-05-01
	Jess Valarezo: jessvalarezo!users.noreply.github.com, valarezo.jessica!gmail.com until 2016-05-01
Yik Yak:
	Brian Akins: bakins!rsglab.com, brian!akins.org from 2015-07-15 until 2016-09-01
	Daniel Ruehle: dan!yikyakapp.com
Yipee.io:
	dann.church: dann.church!gmail.com until 2018-11-05
	jrryjcksn: jrryjcksn!gmail.com until 2018-11-05
	palemtnrider: palemtnrider!gmail.com until 2018-11-05
Yipit:
	Hugo Lopes Tavares: hltbra!gmail.com
Yippie:
	Luis Nuñez: luisyonaldo!gmail.com, luisyonaldo!users.noreply.github.com from 2016-08-01 until 2017-04-01
Yoctol:
	Johnny You: LittleWhiteYA!users.noreply.github.com, f46284628!gmail.com
Yoink:
	Prachetas Prabhu: prachetas.github!gmail.com
Yokel:
	Owen Synge: osynge!suse.com from 2017-02-01
Yola.com:
	Bearnard Hibbins: bearnard!gmail.com
Yosee:
	Jimmy Leger: jimmy.leger!gmail.com
Yoti:
	Stepan Stipl: stepan!stipl.net, stepanstipl!users.noreply.github.com from 2016-05-01 until 2016-12-01
Yotpo:
	Andrei Burd: burdandrei!users.noreply.github.com
You View TV Limited:
	Chris Tompkinson: ctompkinson!gmail.com from 2015-09-01 until 2017-07-01
YouGov:
	Ben Sully: ben.sully88!gmail.com
	jaraco: jaraco!users.noreply.github.com
YouTube:
	Anthony Yeh: enisoc!google.com until 2016-10-01
	Greg Haines: greg!greghaines.net, greghaines!google.com, gresrun!gmail.com
	Marie Shaw: mnshaw!andrew.cmu.edu, mnshaw!google.com from 2018-05-01
	Nishant Totla: nishanttotla!gmail.com from 2018-09-01
	Rick Viscomi: rviscomi!google.com, rviscomi!users.noreply.github.com until 2017-03-01
	Sugu Sougoumarane: sougou!google.com, sougou!planetscale.com, sougou!users.noreply.github.com, ssougou!gmail.com until 2018-02-01
Young Calfield:
	Alessandro Vermeulen: github!spockz.nl until 2014-09-01
Your Supply:
	Raphael Deem: raphael.deem!gmail.com from 2014-09-01 until 2015-03-01
Youzan:
	Vincent Lee: cool8511!gmail.com from 2015-04-01
Yovole:
	me: me!xiexianbin.cn
	xiexianbin: xiexianbin!yovole.com
Yowza:
	Itamar Ostricher: itamar!yowza3d.com, itamarost!gmail.com
Yoyo Holdings:
	Hidemasa Togashi: togachiro!gmail.com from 2015-05-01
	Zak B. Elep: zakame!zakame.net
	hide_gloops: h.togashi!gloops.com
Yun Wen:
	Lihua Tang: 413281174!qq.com, lhtang!alauda.io from 2016-02-01 until 2017-08-01
Yunrong Technology:
	yu_qearl: yu_qearl!163.com
	yutingting: yutingting!yunrongtech.com
Yuso A Flit:
	Romain Poirot: 32273490+redlinkk!users.noreply.github.com, Redlinkk!users.noreply.github.com from 2018-07-01
Z Lab:
	Kazumasa Kohtaka: kkohtaka!gmail.com, kkohtaka!users.noreply.github.com
	Tatsuhiro Tsujikawa: tatsuhiro.t!gmail.com, ttsujika!zlab.co.jp
	hatotaka: hatotaka!users.noreply.github.com
	takuhiro: takuhiro!users.noreply.github.com
ZDL Books:
	Nathan Quarles: nateq314!gmail.com from 2014-06-15 until 2015-09-15
ZE Power:
	Wesley Hartford: github!cutterslade.ca, wesley!ze.com
ZEROFAIL Montreal:
	Leifur Halldor Asgeirsson: lasgeirsson!zerofail.com
ZF Group:
	Sergej Sawazki: ce3a!gmx.de
ZFP Südwürttemberg:
	sondabar: lars!cormann.biz
ZJU-SEL:
	aaronxu: xuliker!zju.edu.cn
ZPE:
	Marcos Paulo de Souza: marcos.souza.org!gmail.com, marcosps!users.noreply.github.com from 2014-02-01 until 2018-11-01
ZTE:
	00035657: 00035657!zte.com.cn
	00164331: li.zi30!zte.com.cn
	10191230: 10191230!zte.com.cn
	284517620: 284517620!qq.com until 2016-09-23
	33024221: 33024221!qq.com.cn
	38098369: 38098369!qq.com
	Alex Yang: yangy2000!gmail.com, yangyang1!zte.com.cn
	Cai Qu: cai.qu!zte.com.cn
	Chen Donghai: chen.donghai!zte.com.cn
	Cheng Lin: cheng.lin130!zte.com.cn
	Chuanhong Wang: wang.chuanhong!zte.com.cn
	Deng Chao: deng.chao1!zte.com.cn
	DongXiugang: dong.xiugang20!zte.com.cn
	Gavin: gavinmy15!users.noreply.github.com, li.guangxu!zte.com.cn
	Geliang Tang: geliangtang!163.com, geliangtang!gmail.com until 2014-05-01
	Hailong Liu: liu.hailong6!zte.com.cn
	HuabingZhao: zhao.huabing!zte.com.cn until 2014-11-01, from 2016-04-01
	Huang Chong: huang.chong!zte.com.cn
	Huang Jian: huang.jian!zte.com.cn
	Huang Zijiang: huang.zijiang!zte.com.cn
	Jiang Biao: jiang.biao2!zte.com.cn
	Jiang Xuexin: jiang.xuexin!zte.com.cn
	Jiang Yong: jian.yong5!zte.com.cn
	Joey: zhao.ming9!zte.com.cn
	Jun zhang: zhang.jun92!zte.com.cn
	Ke Zhang: zhangke909!qq.com
	KeZhang: zhang.ke106!zte.com.cn
	Kevin Wang: wang.kanghua!zte.com.cn
	Li Fengmao: li.fengmao!zte.com.cn
	Liu Song: liu.song11!zte.com.cn
	Liu Xiang: liu.xiang6!zte.com.cn
	Lu Zhongjun: lu.zhongjun!zte.com.cn
	Luji7: lu.ji3!zte.com.cn
	Luo Kexue: luo.kexue!zte.com.cn
	Ma Chenggong: ma.chenggong!zte.com.cn
	Ouyang Maochun: ouyang.maochun!zte.com.cn
	Pang Xunlei: pang.xunlei!zte.com.cn
	Peng Hao: peng.hao2!zte.com.cn
	Peter Lee: li.xialong!zte.com.cn
	PingWang: present.wp!icloud.com, wang.ping5!zte.com.cn
	Pingan2017: huang.pingan!zte.com.cn
	Rui li: li.rui27!zte.com.cn
	Song Shun: song.shun3!zte.com.cn
	SongRuixia: song.ruixia!zte.com.cn
	StudyNick: wei.chuanhui1!zte.com.cn
	Tan Hu: tan.hu!zte.com.cn
	Tang Junhui: tang.junhui!zte.com.cn
	Tian Jian: tian.jian!zte.com.cn
	Wang Haitao: wang.haitao1!zte.com.cn
	Wang Liang: wang.liang82!zte.com.cn
	Wang Xibo: wang.xibo!zte.com.cn
	WangBo: wang.bo116!zte.com.cn
	Wei Jinhua: wei.jinhua1!zte.com.cn
	Wen Yang: wen.yang99!zte.com.cn
	William Zhang: warmchang!163.com, warmchang!outlook.com, zhang.wanmin!zte.com.cn from 2010-03-08
	WuLiang: 37668789+z10127852!users.noreply.github.com
	Wuliang: wu.liang30!zte.com.cn
	Xi Xu: xu.xi8!zte.com.cn
	Xiaoyu Zhang: zhang.xiaoyu33!zte.com.cn
	XuJun00192603: xu.jun!zte.com.cn
	Yan Jun: yan.jun8!zte.com.cn
	Yang Wei: yang.wei9!zte.com.cn
	Yang Yang: yang.yang29!zte.com.cn
	Yanqiang Miao: miao.yanqiang!zte.com.cn
	Yi Wang: wang.yi59!zte.com.cn
	YuanHu: yuan.hu1!zte.com.cn
	YuanJunliang10067740: yuan.junliang!zte.com.cn
	Yuexiao Wang: 20082558+yuexiao-wang!users.noreply.github.com
	Yujun Zhang: yujunz!nvidia.com, zhangyujun!gmail.com
	YuxiJin-tobeyjin: jin.yuxi!zte.com.cn
	Zhang Run: zhang.run!zte.com.cn
	Zhang Xianwei: zhang.xianwei8!zte.com.cn
	Zhang Yi: zhang.yi20!zte.com.cn
	Zhaoxing: meng.zhaoxing1!zte.com.cn
	Zhu Shangzhong: zhu.shangzhong!zte.com.cn
	Zhuoyao Huang: 10112215!zte.com.cn
	aaronzhu1121: aaronzhu1121!gmail.com from 2016-12-15
	aimuke: aimuke!users.noreply.github.com
	allen7lee: allen7lee!users.noreply.github.com
	alpha-li: alpha-li!users.noreply.github.com
	asmile.yy: asmile.yy!gmail.com
	bailin.zhang: bailin.zhang!hotmail.com
	bao.yumeng: bao.yumeng!zte.com.cn
	billy2180: wang.bin21!zte.com.cn
	bing.hao: bing.hao!easystack.cn until 2017-07-21
	binghao0602: binghao0602!gmail.com until 2017-07-21
	bruceauyeung: ouyang.qinhua!zte.com.cn
	caiyixiang: cai.yixiang!zte.com.cn
	chchliang: chchliang!users.noreply.github.com, chen.chuanliang!zte.com.cn
	chen.xueying1: chen.xueying1!zte.com.cn
	chenhuan: chen.huan!zte.com.cn
	chentao1596: chen.tao3!zte.com.cn
	chun Long: long.chun!zte.com.cn
	chymy: 928588056!qq.com
	clove: clove!zte.com.cn
	databill: databill!users.noreply.github.com
	david_zhw1982: david_zhw1982!163.com
	dong.juan1: dong.juan1!zte.com.cn
	dong.wenshuai: dong.wenshuai!zte.com.cn
	dongwenjuan: dong.wenjuan!zte.com.cn, dongwenjuan!users.noreply.github.com
	feng.shengqin: feng.shengqin!zte.com.cn
	feng.xiaoewi: feng.xiaoewi!zte.com.cn
	feng.xiaowei: feng.xiaowei!zte.com.cn
	foxyriver: liu.hao89!zte.com.cn
	gaoming10132825: gaoming10132825!zte.com.cn
	gaoshilin: gaoshilin!163.com
	gongchuang: gong.chuang!zte.com.cn
	gu.weiwei: gu.weiwei!zte.com.cn
	guan.zuoyu: guan.zuoyu!zte.com.cn
	guo.shuaijie: guo.shuaijie!zte.com.cn
	han.rong3: han.rong3!zte.com.cn
	hao.bing1: hao.bing1!zte.com.cn
	hfzhengliuyang: hfzhengliuyang!163.com
	houjun: hou.jun2!zte.com.cn
	huang.huayong2: huang.huayong2!zte.com.cn
	huanwen ren: ren.huanwen!zte.com.cn, renhwztetecs!users.noreply.github.com, rhwlyw!163.com
	huzhijiang: huzhijiang!users.noreply.github.com
	ji.wei3: ji.wei3!zte.com.cn
	ji.xuepeng: ji.xuepeng!zte.com.cn
	jianglingxia: jiang.lingxia!zte.com.cn
	jin.zhenguo3: jin.zhenguo3!zte.com.cn
	jingsun59: jingsun59!163.com
	jinzhenguo88: jinzhenguo88!sina.com
	julienjut: julienjut!gmail.com
	julienjut+zte: julienjut+zte!gmail.com
	kaifeng.w: kaifeng.w!gmail.com
	kezhiyong: ke.zhiyong!zte.com.cn
	lande1234: lan.de3!zte.com.cn
	leetpy2: leetpy2!gmail.com
	lei liu: liu.lei78!zte.com.cn
	liang.jingtao: liang.jingtao!zte.com.cn
	liangwenguo: liang.wenguo!zte.com.cn, liangwenguo!users.noreply.github.com
	licayun: licayun!hotmail.com
	lichl: lichl!hotmail.com
	linyouchong: lin.youchong!zte.com.cn, linyouchong!gmail.com
	liu.jie3: liu.jie3!zte.com.cn
	liu.lixiu: liu.lixiu!zte.com.cn
	liu.wei81: liu.wei81!zte.com.cn
	liu.xuefeng1: liu.xuefeng1!zte.com.cn
	liu.yong8: liu.yong8!zte.com.cn
	lixiaobing1: li.xiaobing1!zte.com.cn
	liyuan198251: liyuan198251!users.noreply.github.com
	lojies: lu.zhenxing!zte.com.cn
	lu.bin2: lu.bin2!zte.com.cn
	ma.tianliang: ma.tianliang!zte.com.cn
	majiang: ma.jiang!zte.com.cn
	mark_xiett: mark_xiett!163.com until 2015-07-10
	mei.zhifang97: mei.zhifang97!zte.com.cn
	miao.hongbao: miao.hongbao!zte.com.cn
	neutron: neutron!zte.com.cn
	ni.jinquan: ni.jinquan!zte.com.cn
	pandaamanda: xiong.zhongliang!zte.com.cn
	qingsenLi: li.qingsen5!zte.com.cn
	ran.qunying: ran.qunying!zte.com.cn
	redhatlinux10: redhatlinux10!users.noreply.github.com
	root: root!clove83.zte.com.cn
	runsisi: runsisi!zte.com.cn
	sallydeng: deng.xilian!zte.com.cn
	scienceluo: scienceluo!qq.com
	shen.lihua: shen.lihua!zte.com.cn
	shengqin922: shengqin922!163.com
	simple2017: simple2017!users.noreply.github.com
	songbaisen: song.baisen!zte.com.cn
	songweibin: song.weibin!zte.com.cn
	spring068: spring068!sina.cn
	su.zhengwei: su.zhengwei!zte.com.cn
	sun.jing22: sun.jing22!zte.com.cn
	tangwenji: tang.wenji!zte.com.cn
	tangwenjun: tang.wenjun3!zte.com.cn
	tanshanshan: tan.shanshan!zte.com.cn
	tianshapjq: 10138035!zte.com.cn, pu.junqi!zte.com.cn
	vxlinux: vxlinux!163.com
	wang.changyu: wang.changyu!zte.com.cn
	wang.kaifeng2: wang.kaifeng2!zte.com.cn
	wang.zengzhi: wang.zengzhi!zte.com.cn
	wangchangyu315: wangchangyu315!126.com
	wangguang: wang.guang55!zte.com.cn
	wangxunbo: wang.xunbo!zte.com.cn
	wefine: wang.xiaoren!zte.com.cn
	weiqiaomiao: wei.qiaomiao!zte.com.cn
	weizhanxu: xu.zhanwei!zte.com.cn
	weng.jiangang: weng.jiangang!zte.com.cn
	woshiyuyafei: woshiyuyafei!126.com
	wu: wu.shaoyong!zte.com.cn
	wu.wei266: wu.wei266!zte.com.cn
	xiangpengzhao: zhao.xiangpeng!zte.com.cn
	xie.taotao: xie.taotao!zte.com.cn until 2015-07-10
	xie.wenjun2: xie.wenjun2!zte.com.cn
	yameiwang: wang.yamei!zte.com.cn
	yan.wei7: yan.wei7!zte.com.cn
	yan.zhiwei1: yan.zhiwei1!zte.com.cn
	yanghaichao12: yang.haichao!zte.com.cn, yanghaichao12!users.noreply.github.com
	yanxuean: yan.xuean!zte.com.cn
	yao.yuan3: yao.yuan3!zte.com.cn
	yin.desheng: yin.desheng!zte.com.cn
	ying.yunlong: ying.yunlong!zte.com.cn
	yonghengdexin735: zhang.zezhu!zte.com.cn
	yuan.han: yuan.han!zte.com.cn
	yuan.liang: yuan.liang!zte.com.cn
	yuexiao-wang: wang.yuexiao!zte.com.cn
	yumeng_bao: yumeng_bao!yahoo.com
	yupeng: yu.peng36!zte.com.cn
	yuyafei: yuyafei!zte.com.cn
	zdj6373: zhang.dongjie!zte.com.cn
	zeng.jianfang: zeng.jianfang!zte.com.cn
	zeng.xianghui: zeng.xianghui!zte.com.cn
	zhang.bailin: zhang.bailin!zte.com.cn
	zhang.hao16: zhang.hao16!zte.com.cn
	zhang.jun3g: zhang.jun3g!zte.com.cn
	zhang.shaoman: zhang.shaoman!zte.com.cn
	zhang.wei57: zhang.wei57!zte.com.cn
	zhang.wenyan3: zhang.wenyan3!zte.com.cn
	zhang.yanxian: zhang.yanxian!zte.com.cn
	zhang.yujunz: zhang.yujunz!zte.com.cn
	zhangmingld: zhang.ming5!zte.com.cn
	zhangyanxianmail: zhangyanxianmail!163.com
	zhangyujun: yujun.zhang!easystack.cn until 2016-09-23
	zhangyujun+zte: zhangyujun+zte!gmail.com
	zhaohuabing: zhaohuabing!gmail.com, zhaohuabing!users.noreply.github.com until 2014-11-01, from 2016-04-01
	zheng.hongzhe32: zheng.hongzhe32!zte.com.cn
	zheng.yao1: zheng.yao1!zte.com.cn
	zheng.zhijian: zheng.zhijian!zte.com.cn
	zhengy23: zhengy23!163.com
	zhihui wu: wu.zhihui1!zte.com.cn, zhihuiwu!users.noreply.github.com
	zhou.bin9: zhou.bin9!zte.com.cn
	zhu.rong1: zhu.rong1!zte.com.cn from 2016-12-15
	zhu.shiping: zhu.shiping!zte.com.cn
	zhu.xuanlong: zhu.xuanlong!zte.com.cn
	zhu.xuanpeng: zhu.xuanpeng!zte.com.cn
	zhu.zeyu: zhu.zeyu!zte.com.cn
	zhuzeyu0409: zhuzeyu0409!gmail.com
	zjwzte: zhao.jianwei!zte.com.cn, zjwzte!users.noreply.github.com
	ztehypervisor: ztehypervisor!zte.com.cn
	ztewyk: 10110918!zte.com.cn
Zadara Storage:
	Alex Lyakas: alex!zadarastorage.com, alex.btrfs!zadarastorage.com
	Lev Vainblat: lev!zadarastorage.com
	Moshe Melnikov: moshe!zadarastorage.com
	Shyam Kaushik: shyam!zadarastorage.com
Zalando:
	Andrey Kuzmin: andrey.kuzmin!soundcloud.com, unsoundscapes!gmail.com until 2016-10-01
	Asko Kauppi: akauppi!gmail.com, asko.kauppi!zalando.fi
	Daniel Rohe: rohe.daniel!gmail.com
	Diego Molina: diemol!users.noreply.github.com from 2015-12-01
	Evan Lezar: mail!evanlezar.com from 2014-05-01 until 2017-07-01
	Henning Jacobs: henning!jacobs1.de
	IsmailMarmoush: IsmailMarmoush!users.noreply.github.com
	Jan-M: Jan-M!users.noreply.github.com
	Lauri Apple: lauri.apple!zalando.de
	Leo Gallucci: elgalu3!gmail.com, leo.gallucci!zalando.de
	Leo Liang: leozc!users.noreply.github.com
	Mark Kelly: marky-mark!users.noreply.github.com, mkelly28!tcd.ie
	Martin Linkhorst: linki!users.noreply.github.com, martin.linkhorst!zalando.de, martin.linkhorst+github.com!posteo.de
	Matthias Wahl: matthias!crate.io from 2016-01-01 until 2017-12-01
	Michal Budzyn: everesio!users.noreply.github.com, michalbudzyn!gmail.com from 2015-09-01 until 2016-08-01
	Mikkel Oscar Lyderik: mikkeloscar!users.noreply.github.com
	Mikkel Oscar Lyderik Larsen: m!moscar.net, mikkel.larsen!zalando.de
	Nick Jüttner: nick!juni.io, nick!zalando.de, nick.juettner!zalando.de
	Rafael Caricio: rafael.jacinto!gmail.com from 2015-12-01 until 2017-04-01
	Raffaele Di Fazio: difazio.raffaele!gmail.com, raffaele.di.fazio!zalando.de, raffaele.difazio!blacklane.com, raffo_uppuiu!yahoo.it from 2015-05-15
	Rohit Sharma: rohitsharma9204!gmail.com
	Sandor Szuecs: sandor.szuecs!zalando.de
	Shinzu: Shinzu!users.noreply.github.com
	Tom Wieczorek: twz123!users.noreply.github.com until 2017-01-01
	boopathi: boopathi!users.noreply.github.com
	coders-kitchen: coders-kitchen!users.noreply.github.com
	coquin: coquin!users.noreply.github.com
	dneuhaeuser-zalando: dneuhaeuser-zalando!users.noreply.github.com
	eikemeier: eikemeier!users.noreply.github.com
	frontendherodk: frontendherodk!users.noreply.github.com
	georghildebrand: georghildebrand!users.noreply.github.com
	gkoutav: gkoutav!users.noreply.github.com
	ideahitme: yerken.tussupbekov!zalando.de
	lalib: lalib!users.noreply.github.com
	mdedetrich: mdedetrich!users.noreply.github.com
	mgomezch: mgomezch!users.noreply.github.com
	ruiaraujo: ruiaraujo!users.noreply.github.com
	tobias-bahls: tobias-bahls!users.noreply.github.com
	tobsch: tobsch!users.noreply.github.com
	youssefmamdouh: youssefmamdouh!users.noreply.github.com
Zapier:
	Adam Sunderland: iterion!gmail.com from 2017-09-01
	Ratnadeep Debnath: rtnpro!gmail.com from 2017-09-01
ZappiStore:
	Adrian Moisey: adrian!changeover.za.net
	King'ori Maina: j!kingori.co
	Zac Blazic: zacblazic!gmail.com
	itsmrwave: itsmrwave!users.noreply.github.com
Zarafa:
	Jelle van der Waa: jelle!vdwaa.nl until 2017-02-01
Zazzle:
	Andrew Pennebaker: apennebaker!datapipe.com from 2017-10-01
ZeMoSo Technologies:
	Phaneendra Chiruvella: hi!pcx.io
Zeal Learning:
	Nick Landolfi: nclandolfi!gmail.com from 2014-05-15 until 2015-08-15
Zebra:
	Manikanta Pubbisetty: mpubbise!codeaurora.org from 2015-09-01 until 2016-07-01
	Souptick Joarder: jrdr.linux!gmail.com until 2017-11-01
Zeedhi:
	Kessiler: kessiler!users.noreply.github.com
Zeet:
	David Michael: dave.michael!ntlworld.com
Zeitspace:
	Thomas Broadley: buriedunderbooks!hotmail.com from 2017-04-01 until 2017-12-01
Zelezara Smederevo:
	Ksenija Stanojevic: ksenija.stanojevic!gmail.com until 2015-11-01
ZenGuard:
	Jonathan Striebel: jstriebel!users.noreply.github.com until 2015-02-01
Zend:
	David Lowes: david.l!zend.com until 2015-10-01
Zendesk:
	Adam Malcontenti-Wilson: adammw!users.noreply.github.com, amalcontenti-wilson!zendesk.com
	Akshay Agrawal: aagrawal!zendesk.com, akshayzendesk!users.noreply.github.com from 2015-10-01
	Daniel Schierbeck: dasch!zendesk.com
	Michael Grosser: development!stp-ip.net
	Michael S. Fischer: mfischer!zendesk.com, mfischer-zd!users.noreply.github.com
	Ngo-The-Trung: Ngo-The-Trung!users.noreply.github.com
	Ryan Kennedy: ryankennedy!users.noreply.github.com
	Shane Hender: henders!users.noreply.github.com
	Tang8330: Tang8330!users.noreply.github.com
	anotherminh: anotherminh!users.noreply.github.com
	ashmckenzie: ashmckenzie!users.noreply.github.com
	ben: ben!users.noreply.github.com
	bhouse: bhouse!users.noreply.github.com
	brettrann: brettrann!users.noreply.github.com
	craig-day: craig-day!users.noreply.github.com
	hgokavarapuz: hgokavarapuz!users.noreply.github.com
	jonmoter: jonmoter!users.noreply.github.com
	kunday: kunday!users.noreply.github.com
	mikehuston: mikehuston!users.noreply.github.com
	ronan-mch: ronan-mch!users.noreply.github.com
	waichee: waichee!users.noreply.github.com
	zd-cseeman: zd-cseeman!users.noreply.github.com
Zenfulfillment:
	Denis Ciccale: dciccale!gmail.com
Zengularity:
	Yohann B: yohann.bredoux!gmail.com until 2014-12-15
Zenika:
	Baptiste Gauduchon: bgauduch!users.noreply.github.com
	Emile Vauge: emile!vauge.com from 2014-10-01 until 2016-02-01
	Eric Briand: 1011902+ebriand!users.noreply.github.com, eric.briand!gmail.com
	Gillespie59: Gillespie59!users.noreply.github.com
	Ludovic Fernandez: ldez!users.noreply.github.com from 2014-07-01 until 2017-03-01
	Maxime Wojtczak: maxime.wojtczak!yahoo.fr, maxwo!users.noreply.github.com
	Nicolas BOURON: nicolas.bouron!gmail.com
	Pierre-Yves Aillet: pyaillet!users.noreply.github.com
	Vincent Demeester: vdemeest!redhat.com, vdemeester!users.noreply.github.com, vincent!sbr.pm from 2014-03-01 until 2016-10-01
	emmanuelCarre: emmanuelCarre!users.noreply.github.com
	looztra: looztra!users.noreply.github.com
	mcorbin: corbin.math!gmail.com, mcorbin!users.noreply.github.com
Zenitel:
	Egil Hjelmeland: privat!egil-hjelmeland.no
Zenly:
	Antonin Amand: antonin.amand!gmail.com
	Clement Rey: cr.rey.clement!gmail.com, teh-cmc!users.noreply.github.com from 2016-05-01
	Steeve Morin: steeve.morin!gmail.com
	jbdalido: jbdalido!gmail.com
Zenos:
	Rye Terrell: rye.terrell!canonical.com, ryeterrell!ryeterrell.net until 2016-05-01
Zenoss:
	Daniel Garcia: daniel!danielgarcia.info, daniel-garcia!users.noreply.github.com until 2014-11-01
Zenzic:
	John Felten: john!zenzic.com
Zephyr:
	Jainish Shah: jainishshah!yahoo.com from 2014-08-01 until 2015-10-01
ZeroG:
	Joe Taylor: joe!zerog.aero from 2017-03-01
ZeroLatency:
	Mauro Rappa: maurorappa!aol.co.uk, maurorappa!users.noreply.github.com
ZeroStack:
	Krishna Pagadala: rkrishnap!google.com from 2016-01-01 until 2016-10-01
Zerodha:
	Neha Yadav: inehayadav28!gmail.com from 2018-06-01
Zerofinancial:
	Dalton: f33rx!users.noreply.github.com
ZestCore:
	Otto Yiu: otto!live.ca
Zesty.io:
	Chris Hiestand: chris!oakleon.com, chrishiestand!gmail.com
	Ed James: ed.james.email!gmail.com from 2017-02-01
Zetta.IO Technology AS:
	dag: dag!aicondi.com
	dag: dag!stenstad.net
	dag: dag!zetta.io
Zhilabs:
	Galo Navarro: anglorvaroa!gmail.com from 2016-02-01 until 2016-09-01
Zillow:
	Seth Pollack: seth!sethpollack.net, spollack!beenverified.com from 2018-10-01
Zimperium:
	Omer Katz: omer.drow!gmail.com, thedrow!users.noreply.github.com from 2014-05-01 until 2016-01-01
Zinfinit:
	Carlisia: carlisia!grokkingtech.io, carlisia!users.noreply.github.com, carlisiac!vmware.com until 2014-03-01
ZipRecruiter:
	Ripta Pasay: ripta!users.noreply.github.com from 2016-04-01
Zipkin:
	Bas van Beek: bas!xacte.com
Zirkus Chnopf:
	Flavian: Flask!users.noreply.github.com, flavian.sierk!gmail.com from 2016-12-01 until 2017-03-01
Zitec:
	Radu Rendec: radu.rendec!gmail.com until 2016-03-01
Zitralia:
	Sergio Paracuellos: sergio.paracuellos!gmail.com until 2013-05-01
Zmlka:
	Martin Zemlicka: m!zmlka.com
Zodiac Aerospace:
	Cory Tusar: cory.tusar!pid1solutions.com from 2017-01-01
Zohararad:
	Zohar Arad: zohar!zohararad.com
Zoho:
	Mithun Arunan: mithun1848!gmail.com from 2016-03-02 until 2016-04-01
	Santha Meena Ramamoorthy: santhameena13!gmail.com until 2017-05-01
Zone Media:
	Hasso Tepper: hasso!zone.ee, hasso.tepper!gmail.com
Zoomdata:
	Cyril Ponomaryov: cyril.ponomaryov!gmail.com until 2016-08-01
	Cyril Ponomaryov: kyrylop!wix.com from 2014-06-01 until 2016-08-01
	Eugene Chepurniy: eugene!zoomdata.com
Zooplus AG:
	Karol Chrapek: kaarol!it-flow.pl, kaarolch!users.noreply.github.com from 2017-03-01 until 2017-12-01
	Rafał Leszko: leszko!users.noreply.github.com, rafal!hazelcast.com from 2015-09-01 until 2016-07-01
Zopa:
	David McCormick: davidemccormick!gmail.com, davidmccormick!users.noreply.github.com from 2016-10-01 until 2018-01-01
Zoro:
	Uri Shkolnik: uris!siano-ms.com
Zubrod Farms:
	bzub: bzub!users.noreply.github.com
Zuhlke:
	Justin Heesemann: convoi!users.noreply.github.com, justin+github!blocksberg.com until 2014-06-01
Zulily:
	Dylan Carney: dcarney!gmail.com until 2015-11-15
	Ian Lovett: i.c.lovett!gmail.com from 2015-04-01 until 2017-05-01
	Steve Reed: sreed!zulily.com
Zuora:
	Leo Liu: smilingleo!users.noreply.github.com, wei.liu!zuora.com
Zynga:
	Touch Ungboriboonpisal: erks!users.noreply.github.com, tungbori!zynga.com
[24]7.ai:
	Arun KS: arunks!codeaurora.org from 2015-04-01
aboutyou:
	thecanadianbaker: jason!murrayinfotech.com
adRise:
	zhongchiyu: CatTail!users.noreply.github.com, zhongchiyu!gmail.com
adesso AG:
	Sebastian Müller: info!sebastian-mueller.net
	SebastianM: SebastianM!users.noreply.github.com
adomik:
	Yohann B: yohann.bredoux!gmail.com from 2014-12-15
alec:
	Eli Billauer: eli.billauer!gmail.com
alfresco:
	Nic Doye: nic.doye!alfresco.com
andrewklau:
	Andrew Lau: andrew!andrewklau.com
aporeto-inc:
	Antoine Mercadal: antoine.mercadal!gmail.com, primalmotion!users.noreply.github.com
	Bernard Van De Walle: bernard!bvandewa.com
	aporeto-amir: aporeto-amir!users.noreply.github.com
	dstiliadis: dstiliadis!users.noreply.github.com
apreel:
	Rafal Gajdulewicz: r.gajdulewicz!gmail.com from 2014-01-15 until 2014-11-15
ascribe:
	Sylvain Bellemare: sbellem!gmail.com, sylvain!ascribe.io
bdang.it:
	Ben Dang: me!bdang.it from 2017-05-17
bee42:
	Niclas Mietz: github!mietz.io, solidnerd!users.noreply.github.com from 2016-10-01
bestbytes:
	Stefan Martinov: stefan.martinov!gmail.com
blackrock:
	Matt Magaldi: matt.magaldi!blackrock.com
	Matthew Magaldi: magaldima!users.noreply.github.com
	vishah: spk83!users.noreply.github.com, vishah!blackrock.com
blinkbox:
	Timothy Clarke: timothy.clarke!serverbox.co.uk, timothyclarke!users.noreply.github.com from 2015-02-01 until 2015-03-01
bonify Germany:
	Rafael Zanella: rafzane!gmail.com from 2018-09-01
brainsware:
	Igor Galić: i.galic!brainsware.org
build2be:
	Clemens Tolboom: clemens!build2be.com
carpooling.com GmbH:
	Quentin Nerden: quentin.nerden!stylight.com until 2015-01-15
cau-ses net:
	Noah Huppert: 3323504+noah-huppert!users.noreply.github.com, noahhuppert!gmail.com until 2016-08-01
chbatey:
	Chris Batey and James Ravn: christopher.batey!sky.uk
	Christopher Batey: christopher.batey!gmail.com
clibs:
	Sameer Naik: sameer!damagehead.com
clypd:
	Brian Fallik: baf11!cornell.edu, bfallik!gmail.com
coModule:
	Kumar Amit Mehta: gmate.amit!gmail.com from 2015-04-01 until 2016-09-01
codelabsab:
	Kami Gerami: kami.gerami!gmail.com
codequest:
	Tomasz Korzeniowski: korzonek!users.noreply.github.com, tomek!codequest.eu
commercetools:
	Christoph Neijenhuis: christoph.neijenhuis!commercetools.de, cneijenhuis!users.noreply.github.com from 2014-10-01
	Hesham Massoud: heshamMassoud!users.noreply.github.com, heshamhamdymassoud!gmail.com
	Sergey Melnik: admin.sa!gmail.com
	Sven Müller: sven!commercetools.de, svenmueller!users.noreply.github.com
	butenkor: butenkor!users.noreply.github.com
	emmenko: emmenko!users.noreply.github.com
	svaj: svaj!users.noreply.github.com
comsenz:
	potterhe: potter.he!gmail.com
concurrent:
	Yujie Chen: yujiec!twitter.com from 2014-12-01 until 2016-04-01
confluentinc:
	bluemonk3y: bluemonk3y!users.noreply.github.com
	edenhill: edenhill!users.noreply.github.com
	xnulinu: xnulinu!users.noreply.github.com
coolVDS:
	Maxym Kutsevol: max!kutsevol.com until 2016-02-15
coopdigital:
	Jacob Clark: jacob.jh.clark!googlemail.com
costadigital:
	Daniel Schmidt: danielmschmidt92!gmail.com
cozybit:
	Andrey Yurovsky: andrey!cozybit.com
	Anna Neal: anna!cozybit.com
	Ashok Nagarajan: ashok!cozybit.com
	Bob Copeland: bob!cozybit.com
	Brian Cavagnolo: brian!cozybit.com
	Colin McCabe: colin!cozybit.com
	Colleen Twitty: colleen!cozybit.com
	Jacob Minshall: jacob!cozybit.com
	Jason Abele: jason!cozybit.com
	Jason Mobarak: jam!cozybit.com
	Javier Cardona: javier!cozybit.com, rpaulo!cozybit.com
	Javier Lopez: jlopex!cozybit.com
	Luis Carlos Cobo: luisca!cozybit.com
	Marco Porsch: marco!cozybit.com
	Steve deRosier: steve!cozybit.com
	Thomas Pedersen: thomas!cozybit.com, twpedersen!gmail.com until 2013-12-01
credativ GmbH:
	Arnd Hannemann: arnd.hannemann!credativ.de
cs2c:
	Jules Wang: junqing.wang!cs2c.com.cn
	long.wang: long.wang!bj.cs2c.com.cn
	wanglong: wanglong!cse.buaa.edu.cn
	wl3617: wl3617!qq.com
	yinyin: yin.yin!cs2c.com.cn
	蔡正龙: zhenglong.cai!cs2c.com.cn
darkowlzz:
	Sunny: darkowlzz!users.noreply.github.com, me!darkowlzz.space
designet:
	Daniel Einspanjer: deinspanjer!gmail.com
devolo AG:
	JorenVDL: vandelaerjoren!gmail.com
digitalSTROM:
	Andreas Fenkart: afenkart!gmail.com
distribusion:
	Strech (Sergey Fedorov): oni.strech!gmail.com
dotCloud:
	Jérôme Petazzoni: jerome.petazzoni!dotcloud.com
dr.consulta:
	Daniel Serodio: dserodio!users.noreply.github.com
draios:
	Andy Dalton: 751263+adalton!users.noreply.github.com, adalton!users.noreply.github.com
	Jorge Salamero Sanz: bencer!cauterized.net
	KnoxAnderson: KnoxAnderson!users.noreply.github.com
	Thejas Krishnan: tjskrishna!gmail.com
	alfred-landrum: alfred-landrum!users.noreply.github.com
	kenlavoie: kenlavoie!users.noreply.github.com
	thom-sd: thom-sd!users.noreply.github.com
dreamIT GmbH:
	Johann Helbling: johann.helbling!dreamit.de
dreipunktnull:
	Cedric Ziel: cedric!cedric-ziel.com
dunnhumby:
	Drew Hunt: ahunt.mosaic!gmail.com
	Morgan Jones: mevanj89!gmail.com
e-SpiritAG:
	Johannes Brunswicker: johannes.brunswicker!gmail.com
eBay:
	AmandaHassoun: AmandaHassoun!users.noreply.github.com
	Amit Desai: amit.desai03!gmail.com
	Armstrong Li: jianqli!ebay.com
	Ashwin Raveendran: ashw7n!gmail.com
	Daniel Lipovetsky: daniel!platform9.com, dlipovetsky!users.noreply.github.com until 2014-09-01
	Davide Libenzi: davidel!xmailserver.org until 2015-09-01
	Diane Fleming: diane.fleming!rackspace.com from 2014-06-30 until 2014-12-31
	Emile Snyder: emsnyder!ebay.com
	Gargi Sharma: gs051095!gmail.com from 2015-05-01 until 2016-07-01
	Ginwala: jinsenorita!gmail.com from 2014-07-01
	Homayoun Zariv: hzariv!ebay.com, hzariv!users.noreply.github.com
	JC Martin: jcmartin!medallia.com until 2014-04-01
	Jack Greenfield: jackgr!users.noreply.github.com from 2014-02-01 until 2014-04-01
	Jiaxin Shan: Jeffwan!users.noreply.github.com, seedjeffwan!gmail.com from 2016-03-01 until 2018-11-01
	Jing Liu: jliu23!ebay.com
	Keegan Witt: keeganwitt!gmail.com from 2014-03-01 until 2015-10-01
	Kunal Gandhi: kugandhi!ebay.com, kunalhgandhi!gmail.com
	Madhavan Balasubramanian: bmadhavan!ebay.com
	Marc Guenther: mguenther!ebay.com
	Mat Lowery: mlowery!ebay.com, mlowery!ebaysf.com, mlowery!users.noreply.github.com
	Mike Cumings: mcumings!scummer.org
	Minhan Xia: minhan.xia!gmail.com, mixia!google.com until 2015-10-01
	Qiu Yu: qiuyu!ebaysf.com, unicell!gmail.com
	Rhommel Lamas: roml!rhommell.com
	Ruddarraju, Uday Kumar Raju: uruddarraju!ebay.com, uruddarraju!users.noreply.github.com
	Sreekanth Pothanis: spothanis!ebay.com
	Steven Arnott: ArcticSnowman!users.noreply.github.com, steven.arnott!grantstreet.com until 2015-04-01
	Thuc Nguyen: thuc.nguyen!ebay.com
	Trevor Hartman: trevorhartman!gmail.com
	Vijay Samuel: vija!ebay.com
	Vijayendra Bhamidipati: vijayendrabvs!users.noreply.github.com from 2017-02-01
	Vladislav Ponomarev: vponomarev!ebay.com
	Xiaogang Xin: xnxin!ebay.com
	Xiaoxi Chen: xiaoxchen!ebay.com, xiaoxi.chen!intel.com from 2016-01-01
	Xin: xnxin!lm-shc-00950210.corp.ebay.com
	amcreynolds: amcreynolds!ebay.com
	amcreynolds: amcreynolds!ebaysf.com
	armstrongli: armstrongli!users.noreply.github.com
	awalterschulze: awalterschulze!users.noreply.github.com
	cchiappini: cchiappini!ebay.com
	chengyli: chengyli!ebay.com
	codegoblins: codegoblins!users.noreply.github.com
	danielqsj: qsj.daniel!gmail.com from 2017-11-01
	dfleming: dfleming!austin.rr.com from 2014-06-30 until 2014-12-31
	diflemin: diflemin!cisco.com from 2014-06-30 until 2014-12-31
	diflemin: diflemin!ebay.com from 2014-06-30 until 2014-12-31
	fmeng: fmeng!ebay.com
	garrettlish: garrettlish!users.noreply.github.com
	haibzhou: haibzhou!ebay.com
	hamelmoon: hamelmoon!users.noreply.github.com
	huiqing zhou: hzhou!slack-corp.com
	hzhou8: hzhou8!ebaysf.com
	iantw89: iantw89!gmail.com until 2014-07-01
	jackgr: jackgr!google.com from 2014-02-01 until 2014-04-01
	keshin: keshin!users.noreply.github.com
	kmanicka: kmanicka!users.noreply.github.com
	maselvaraj: maselvaraj!l-maa-00387954.corp.ebay.com
	matiwinnetou: matiwinnetou!users.noreply.github.com
	pitiwari: pitiwari!ebay.com
	rasmus: rasmus!users.noreply.github.com
	salilsurendran: sasurendran!.corp.ebay.com
	sasurendran: sasurendran!ebay.com
	stephan lindauer: stephanlindauer!posteo.de, stephanlindauer!users.noreply.github.com from 2017-04-01
	vbhamidipati: vbhamidipati!ebaysf.com
	vbhamidipati: vbhamidipati!paypal.com
	vijayendrabvs: vijayendrabvs!gmail.com
	vpvutharkar: vpvutharkar!ebaysf.com
	wangyf2010: wangyf2010!users.noreply.github.com
	wenjgao: wenjgao!ebay.com
	wenlxie: wenlxie!ebay.com
	winston.d: winston.d!gmail.com from 2013-06-22
	xinma: xinma!users.noreply.github.com
	youji: youji!ebay.com
	yuki90: yuki90!users.noreply.github.com
	zhiteng.huang: zhiteng.huang!intel.com from 2013-06-22
	zhithuang: zhithuang!ebaysf.com from 2013-06-22
	zhouhaibing089: zhouhaibing089!gmail.com
	zhouhan: zhouhan!gmail.com
eBrandValue:
	Aybuke Ozdemir: aybuke.147!gmail.com from 2016-12-01 until 2018-05-01
eCraft:
	Olle Jonsson: olle.jonsson!gmail.com
	Per Lundberg: perlun!gmail.com, perlun!users.noreply.github.com until 2014-03-01
eDigitalResearch:
	Jan Dolecek: juzna.cz!gmail.com
eFolders:
	Jonathan Hall: flimzy!flimzy.com until 2015-09-01
eGinnovations:
	pontiyaraja: pandiyaraja.r!globant.com, pontiyaraja!users.noreply.github.com until 2015-12-01
eGroup:
	Zach Arnold: me!zacharnold.org from 2014-08-01 until 2015-11-01
eInstruction:
	Jeremy Roberson: jeremy.roberson!einstruction.com
eMoneyAdvisior:
	Derek Lemon: derlemon!gmail.com, drekle!users.noreply.github.com from 2018-01-01 until 2018-05-01
	Derek Lemon -T (delemon - AEROTEK INC at Cisco): delemon!cisco.com from 2018-01-01 until 2018-05-01
eNovance:
	Anita Kuno: akuno!lavabit.com, anita.kuno!enovance.com, anteaya!anteaya.info until 2013-06-21
	Chmouel Boudjnah: chmouel!chmouel.com, chmouel!enovance.com, chmouel!redhat.com from 2012-10-01 until 2014-06-24
	Cyril Roelandt: cyril.roelandt!enovance.com until 2014-06-24
	Cyril Roelandt: tipecaml!gmail.com
	Emilien Macchi: emilien!enovance.com, emilien.macchi!enovance.com until 2014-06-24
	Fabien Boucher: fabien.boucher!enovance.com until 2014-06-24
	Frederic Lepied: frederic.lepied!enovance.com until 2014-06-24
	Gordon Chung: chungg!ca.ibm.com until 2014-06-24
	Julien Danjou: julien!danjou.info until 2014-06-24
	Loic Dachary: loic!dachary.org until 2012-09-09
	Maxime Vidori: maxime.vidori!enovance.com until 2014-06-24
	Mehdi ABAAKOUK: sileht!sileht.net until 2014-06-24
	Mehdi Abaakouk: mehdi.abaakouk!enovance.com, sileht!redhat.com until 2014-06-24
	Nick Barcet: nicolas!barcet.com from 2013-01-01
	Romain Chantereau: romain.chantereau!enovance.com until 2014-06-24
	Sebastien Badia: sebastien.badia!enovance.com until 2014-06-24
	Sébastien Han: leseb!users.noreply.github.com, sebastien.han!enovance.com until 2014-06-24
	Thomas Herve: thomas.herve!enovance.com until 2014-06-24
	Tristan Cacqueray: tdecacqu!redhat.com until 2014-06-24
	chem: chem!sathlan.org until 2014-06-24
	chmouel: chmouel!openstack.org from 2012-10-01 until 2014-06-24
	chmouel.boudjnah: chmouel.boudjnah!rackspace.co.uk from 2012-10-01 until 2014-06-24
	cristian.schwede: cristian.schwede!enovance.com until 2014-06-24
	croeland: croeland!redhat.com until 2014-06-24
	cschwede: cschwede!redhat.com until 2014-06-24
	emacchi: emacchi!redhat.com until 2014-06-24
	emilien.macchi: emilien.macchi!stackops.com until 2014-06-24
	fboucher: fboucher!redhat.com until 2014-06-24
	flepied: flepied!redhat.com until 2014-06-24
	gaetan.trellu: gaetan.trellu!enovance.com until 2014-07-08
	gaetan.trellu: gaetan.trellu!incloudus.com until 2014-07-08
	gaetan.trellu: gaetan.trellu!ormuco.com until 2014-07-08
	gchung: gchung!redhat.com until 2014-06-24
	george.peristerakis: george.peristerakis!enovance.com until 2014-06-24
	gleboude: gleboude!redhat.com until 2014-06-24
	goneri.lebouder: goneri.lebouder!enovance.com until 2014-06-24
	gord.chung: gord.chung!huawei.com until 2014-06-24
	gordon chung: gord!live.ca until 2014-06-24
	gordon.chung: gordon.chung!enovance.com until 2014-06-24
	gperiste: gperiste!redhat.com until 2014-06-24
	gtrellu: gtrellu!redhat.com until 2014-07-08
	jdanjou: jdanjou!redhat.com until 2014-06-24
	jhakimra: jhakimra!redhat.com until 2014-06-24
	joe.hakim.rahme: joe.hakim.rahme!enovance.com until 2014-06-24
	julien.danjou: julien.danjou!enovance.com until 2014-06-24
	launchpad: launchpad!chmouel.com from 2012-10-01 until 2014-06-24
	loic.dachary: loic.dachary!cloudwatt.com until 2012-09-09
	loic.dachary: loic.dachary!enovance.com until 2012-09-09
	mabaakou: mabaakou!redhat.com until 2014-06-24
	masco.kaliyamoorthy: masco.kaliyamoorthy!enovance.com until 2014-06-24
	matthieu.huin: matthieu.huin!enovance.com until 2014-06-24
	mhuin: mhuin!redhat.com until 2014-06-24
	mkaliyam: mkaliyam!redhat.com until 2014-06-24
	mvidori: mvidori!redhat.com until 2014-06-24
	nick: nick!enovance.com from 2013-01-01
	nick.barcet: nick.barcet!canonical.com from 2013-01-01
	nijaba: nijaba!ubuntu.com from 2013-01-01
	rchanter: rchanter!redhat.com until 2014-06-24
	safchain: safchain!redhat.com until 2014-06-24
	sathlang: sathlang!redhat.com until 2014-06-24
	sbadia: sbadia!redhat.com until 2014-06-24
	sgaddam: sgaddam!redhat.com until 2014-06-24
	shan: shan!redhat.com until 2014-06-24
	sofer.athlan-guyot: sofer.athlan-guyot!enovance.com until 2014-06-24
	sridhar.gaddam: sridhar.gaddam!enovance.com until 2014-06-24
	sylvain.afchain: sylvain.afchain!enovance.com until 2014-06-24
	talset: florian.lambert!enovance.com, talset!users.noreply.github.com, talset55!gmail.com
	th: th!rackspace.com until 2014-06-24
	therve: therve!gmail.com until 2014-06-24
	therve: therve!redhat.com until 2014-06-24
	tristan.cacqueray: tristan.cacqueray!enovance.com until 2014-06-24
	victor.stinner: victor.stinner!enovance.com until 2014-06-24
	vladik.romanovsky: vladik.romanovsky!enovance.com until 2014-06-24
	vromanso: vromanso!redhat.com until 2014-06-24
	vstinner: vstinner!redhat.com until 2014-06-24
ePages:
	Bastian Klein: b.klein!epages.com
eSailors:
	MQasimSarfraz: MQasimSarfraz!users.noreply.github.com, syed.qasim.sarfraz!gmail.com from 2017-10-01
	Martin Joehren: martin.joehren!esailors.de
eTF1:
	Ghislain Guiot: gt.ghislain!gmail.com from 2017-10-01 until 2017-11-01
eZ Systems:
	André R.: andre.romcke!gmail.com, ar!ez.no
eatsa:
	David Langhorst: dave!scytale.io, dirt!monkey.org, drrt!users.noreply.github.com from 2015-11-01 until 2017-07-01
edX:
	tobz: tobias.lawrence!gmail.com from 2015-12-01 until 2017-11-01
elegantmonkeys:
	ron212: ron212!users.noreply.github.com
eleme:
	Sn0rt: sn0rt!abc.shop.edu.cn
	doubleceston: doubleceston!users.noreply.github.com
	kirk: steven.hl.0901!gmail.com
	ohmystack: jiangjun1990!gmail.com
emmene-moi:
	Emmene-moi: sebastien!emmene-moi.fr
emondo:
	Lihan Li: lihan.li!hotmail.com from 2016-03-15
englT:
	Corentin LABBE: clabbe!baylibre.com from 2017-06-01 until 2018-02-01
	Corentin Labbe: clabbe.montjoie!gmail.com from 2017-06-01 until 2018-02-01
eteration:
	nyener: nilaycoskun4155!gmail.com, nyener!users.noreply.github.com until 2015-09-01
everis:
	Fabio José: fabiojose!gmail.com, fabiojose!users.noreply.github.com from 2014-01-01
	Sergio Moreno: sergio.moreno.calzada!everis.com
	Sergio Sisternes: sesispla!outlook.com
	pablotoledo: pablotoledo!users.noreply.github.com
	sergiomcalzada: sergio.m.calzada!gmail.com
everydayhero:
	Elliot Anderson: elliot!users.noreply.github.com from 2015-08-15
ezDi:
	Naresh: ghostwriternr!gmail.com from 2016-05-01 until 2016-06-01
finesse.io:
	Pete Miller: miller.pete!gmail.com
flonatel:
	andreas: andreas!florath.net
fluget.it:
	Diego Woitasen: diego!flugel.it
frozenice:
	David Kirstein: frozenice!frozenice.de
g0v.tw:
	Chia-liang Kao: clkao!clkao.org
genua:
	Michael Schnupp: michael.schnupp!gmail.com, michas2!users.noreply.github.com
gojek-engineering:
	Vijay Dhama: vjdhama26!gmail.com
	olttwa: olttwa!users.noreply.github.com
	shishir127: shishir127!users.noreply.github.com
grandcentrix:
	Djordje Atlialp: djordje.atlialp!grandcentrix.net
gravitational:
	Lele: xeldiosx!gmail.com
greenkeeperio:
	support: support!greenkeeper.io
groom gbr:
	Tobias Schmidt: tobidt!gmail.com until 2012-07-01
	Tobias Schmidt: ts!soundcloud.com until 2016-07-01
h2ik:
	Jon Whitcraft: jwhitcraft!mac.com
h2o.ai:
	Fabrizio Milo: mistobaan!users.noreply.github.com
hackNY:
	Matt Condon: matt!skillshare.com, mattgcondon!gmail.com from 2016-12-15
heartbeats.jp:
	YOSHIKAWA Ryota: yoshikawa!heartbeats.jp
home.ai:
	Eric Greer: ericgreer!gmail.com
home24:
	Sergej Jevsejev: sjevs!users.noreply.github.com, sjevsejev!gmail.com
iAdvize:
	Francois-Guillaume Ribreau: github!fgribreau.com
	commarla: commarla!users.noreply.github.com, laurent.commarieu!gmail.com
iBROWS:
	Flavian: Flask!users.noreply.github.com, flavian.sierk!gmail.com until 2015-11-01
iCitizen:
	Joey Espinosa: jlouis.espinosa!gmail.com from 2015-08-01 until 2016-06-01
	Mark Betz: markbnj!users.noreply.github.com from 2015-08-01 until 2016-03-01
iFix:
	Jason Russell: jasrusable!users.noreply.github.com
iGloo:
	Loïc Mahieu: LoicMahieu!users.noreply.github.com, mahieuloic!gmail.com
iHear Medical:
	Mohammad Samman: moesef1!gmail.com until 2014-08-01
iHeart Media:
	Vince Montalbano: vince.montalbano!gmail.com
iHeartMedia:
	David Barratt: dbarratt!wikimedia.org from 2017-01-01 until 2017-05-01
iNNOVO Cloud:
	Christoph Glaubitz: chrigl!users.noreply.github.com, christoph.glaubitz!innovo-cloud.de from 2017-01-01
iOSynergy:
	Karol Kozimor: sziwan!hell.org.pl until 2014-11-01
iPlant Collaborative:
	Chris LaRose: cjlarose!gmail.com, cjlarose!users.noreply.github.com until 2014-01-01
iRobot:
	Pavel Roskin: plroskin!gmail.com from 2013-09-01 until 2015-04-01
iSocket:
	Max Beatty: max!beatty.me until 2014-11-01
iStreamPlanet:
	Jesse Johnston: jjohnston!istreamplanet.com
	isnellfeikema-isp: isnellfeikema-isp!users.noreply.github.com
	jlovero-isp: jlovero-isp!users.noreply.github.com
	jmasonISP: jmasonISP!users.noreply.github.com
iWazat:
	Ivan Fraixedes: ifcdev!gmail.com, ivan!fraixed.es
iWeb:
	David Moreau Simard: dmsimard!iweb.com, moi!dmsimard.com until 2013-10-30
	Mathieu Gagné: mgagne!iweb.com until 2013-10-30
	arahal: arahal!internap.com until 2013-10-30
	arahal: arahal!iweb.com until 2013-10-30
	darren: darren!iweb.co.uk
	daz: daz!dwuk.net
	dms: dms!redhat.com until 2013-10-30
	dmsimard: dmsimard!internap.com until 2013-10-30
	godp1301: godp1301!gmail.com until 2013-10-30
	jprovost: jprovost!internap.com until 2013-10-30
	jprovost: jprovost!iweb.com until 2013-10-30
	jprovost.sh: jprovost.sh!gmail.com until 2013-10-30
	lindycoder: lindycoder!gmail.com until 2013-10-30
	martin.roy: martin.roy!internap.com until 2013-10-30
	mat128: mat128!gmail.com until 2013-10-30
	mgagne: mgagne!calavera.ca until 2013-10-30
	mgagne: mgagne!internap.com until 2013-10-30
	mmitchell: mmitchell!internap.com until 2013-10-30
	mmitchell: mmitchell!iweb.com until 2013-10-30
	mroy: mroy!iweb.com until 2013-10-30
	olivierpilotte: olivierpilotte!gmail.com until 2013-10-30
	opilotte: opilotte!iweb.com until 2013-10-30
	pgodin: pgodin!internap.com until 2013-10-30
	pgodin: pgodin!iweb.com until 2013-10-30
iWebSolutions:
	Aaron Brady: aaron!iweb.co.uk
	Edward Rowley: ed!iweb.co.uk
iZENEsoft:
	Vincent Lee: cool8511!gmail.com until 2015-04-01
iZettle:
	Tommy Ulfsparre: tommy!ulfsparre.se until 2015-01-01
ibiblio:
	Jason Wang: jasonwzm!gmail.com from 2014-08-01 until 2015-06-01
iconectiv:
	Greg Liebowitz: gliebowitz!iconectiv.com
id2mp:
	Stelian Pop: stelian!popies.net from 2017-02-01
idealhack:
	Yang Li: idealhack!gmail.com
idealista.com:
	Daniel Ortega: danielortegaufano!gmail.com
ideeli:
	Jeff Wolski: jeff!wercker.com from 2012-01-15 until 2013-05-01
iflix:
	Ady Romantika: adyromantika!users.noreply.github.com
	Yury Tsarev: yury.tsarev!iflix.com
igel:
	Ake Koomsin: ake!igel.co.jp
	Damian Hobson-Garcia: dhobsong!igel.co.jp
	Hideki EIRAKU: hdk!igel.co.jp
	Katsuya Matsubara: matsu!igel.co.jp
	Kazunori Kobayashi: kkobayas!igel.co.jp
	Magnus Damm: damm!igel.co.jp
	Takanari Hayama: taki!igel.co.jp
	Tetsuya Mukawa: mukawa!igel.co.jp
	Tomohito Esaki: etom!igel.co.jp
illuminateeducation:
	Kyle Umstatter: blackstar257!users.noreply.github.com
imec:
	Amarjargal Gundjalam: amarjargal.gundjalam!gmail.com from 2014-01-01 until 2015-01-01
imgix:
	Christopher Zacharias: christopher.zacharias!gmail.com
	Johannes 'fish' Ziemke: fish!freigeist.org, github!freigeist.org from 2016-02-01 until 2017-02-01
	david birdsong: david.birdsong!gmail.com, david.birdsong!imgix.com
inLabFBI:
	Yoel Cabo: yoel.cabo!gmail.com, yoelcabo!users.noreply.github.com from 2015-02-01 until 2016-01-01
independent:
	Marcin Kościelnicki: koriakin!0x04.net from 2018-05-01
indiehosters:
	Pierre Ozoux: pierre!ozoux.net
inesa:
	chensh: chensh!rc.inesa.com
	dongjxf: dongjxf!rc.inesa.com
	gaoyl: gaoyl!rc.inesa.com
	guans: guans!rc.inesa.com
	lalasjtu: lalasjtu!gmail.com
	liuc: liuc!rc.inesa.com
	liumk: liumk!rc.inesa.com
	peiy: peiy!rc.inesa.com
	sunc: sunc!rc.inesa.com
	sunrx: sunrx!rc.inesa.com
	wangy: wangy!rc.inesa.com
	zhangpf: zhangpf!rc.inesa.com
	zhangyf: zhangyf!rc.inesa.com from 2017-04-24
inetss:
	Ilya Semenov: ilya!semenov.co
innoscale AB:
	Max Leonard Inden: indenml!gmail.com until 2017-01-01
inovex:
	Benjamin: ben-st!users.noreply.github.com, info!diffus.org
	Johannes Scheuermann: johscheuer!users.noreply.github.com
	maxbischoff: maxbischoff!users.noreply.github.com
invenio:
	rushtehrani: r!inven.io
inwinSTACK:
	Albert Tu: albert.t!inwinstack.com
	DesmondS: desmond.s!inwinstack.com
	Kyle Bai: k2r2.bai!gmail.com, s1499k005!gmail.com
	MinSheng Lin: minsheng.l!inwinstack.com
	cy.l: cy.l!inwinstack.com
	dino.p: dino.p!inwinstack.com
	dommgifer: dommgifer!gmail.com until 2017-02-10
	jeffxie: jeffxie!iii.org.tw until 2017-02-10
	kairen: kyle.b!inwinstack.com
	pcp33307: pcp33307!gmail.com
	rico.l: rico.l!inwinstack.com until 2017-02-24
	rico.lin: rico.lin!easystack.cn until 2017-02-24
	ricolin: rico.lin.guanyu!gmail.com until 2017-02-24
	simon.l: simon.l!inwinstack.com
	tyranron: tyranron!gmail.com
	x7712611430: x7712611430!gmail.com
ioGlue:
	Yaron Rosenbaum: yaronr!users.noreply.github.com
iosphere GmbH:
	Jan Weitz: jan!iosphere.de
ipb (uk) Ltd.:
	Lars Immisch: lars!ibp.de
iq option europe:
	Arslanbekov Denis: Arslanbekov!users.noreply.github.com, arslanbekov!gmail.com from 2016-11-01
itdesign GmbH:
	Jakob Jarosch: dev!jakobjarosch.de, foxylion!users.noreply.github.com
ithinx:
	Xue Liu: liuxuenetmail!gmail.com from 2017-12-01 until 2018-01-01
itkey:
	feodor.tarasenko: feodor.tarasenko!gmail.com
	ftarasenko: ftarasenko!itkey.com
iunigo:
	Marcos Lilljedahl: marcosnils!gmail.com, marcosnils!users.noreply.github.com from 2018-01-01
ivx:
	Alexander Marold: alexander.marold!invision.de
	Daniel Heitmann: daniel.heitmann!invision.de, dictvm!dictvm.org
jd martin company:
	Nathan Lynch: nathan_lynch!mentor.com
jet tsang:
	jet tsang zeon-git: zeon-git!jettsang.com
jetstack:
	JoshVanL: JoshVanL!users.noreply.github.com
	Richard Wall: richard!the-moon.net, wallrj!users.noreply.github.com
jirotech:
	jamessewell: james.sewell!gmail.com
jmicron.com:
	Aries Lee: arieslee!jmicron.com
	Ethan Hsiao: ethanhsiao!jmicron.com
	akeemting: akeem!jmicron.com
jobandtalent:
	Álex González: agonzalezro!gmail.com
jobcloud:
	Nick: nick.nellis!weather.com
kiratech:
	Lorenzo Fontana: fontanalorenz!gmail.com
komola:
	Thomas Schaaf: schaaf!komola.de
konvenit:
	Arthur: arthurbalfredo!gmail.com
ksyun:
	opsnull: geekard!qq.com
kube.camp:
	Ivan Pedrazas: ipedrazas!gmail.com
lastminute.com:
	Laurent Crisci: laurent!crisci.io, laurent.crisci!gmail.com until 2015-07-15
lden Delicious Computers GmbH&Co:
	H. Nikolaus Schaller: hns!goldelico.com
leanovate:
	Yann Simon: yann.simon.fr!gmail.com
lecentre.net:
	Prune Sebastien THOMAS: prune!lecentre.net
lenart.io:
	Janos Lenart: janos!lenart.io
lightcode.fr:
	Matthieu: lightcode!users.noreply.github.com
linutronix:
	Andreas Messerschmid: andreas!linutronix.de
	Anna-Maria Gleixner: anna-maria!linutronix.de
	Artem B. Bityutskiy: dedekind!linutronix.de
	Benedikt Spranger: b.spranger!linutronix.de, bene!linutronix.de
	Erica Bugden: erica.bugden!linutronix.de
	Hans J. Koch: hjk!linutronix.de
	Holger Dengler: dengler!linutronix.de
	Jan Altenberg: jan!linutronix.de, jan.altenberg!linutronix.de
	John Ogness: jogness!linutronix.de, john.ogness!linutronix.de
	Kurt Kanzenbach: kurt!linutronix.de, kurt.kanzenbach!linutronix.de
	Manuel Traut: manut!linutronix.de
	Oskar Schirmer: oskar!linutronix.de
	Philipp Rosenberger: p.rosenberger!linutronix.de
	Richard Cochran: rcochran!linutronix.de
	Richard Weinberger: rw!linutronix.de
	Sebastian Andrzej Siewior: bigeasy!linutronix.de
	Thiemo Seufer: ths!linutronix.de
	Thomas Gleixner: tglx!cruncher.tec.linutronix.de, tglx!inhell4.tec.linutronix.de, tglx!inhelltoy.tec.linutronix.de, tglx!linutronix.de, tglx!mtd.linutronix.de, tglx!tglx.tec.linutronix.de, tgxl!linutronix.de
	Thomas Wucher: thwucher!linutronix.de
	Torben Hohn: torbenh!linutronix.de
log-os:
	Phanindra Pydisetty: phanindra.nitw!gmail.com
	cyriac24: cyriac24!users.noreply.github.com
loodse:
	Sebastian Florek: sebastian.florek!loodse.com
luminatewireless.com:
	Ming Zhao: mzhao!luminatewireless.com
lunar way:
	Bjørn: bjoern.soerensen!gmail.com from 2017-05-01
mLab:
	Tim Fogarty: tim!tfogo.com from 2017-06-01
macys.com:
	eddiesimeon: ej.simeon!gmail.com
man7.org:
	Michael Kerrisk: mtk-manpages!gmail.com
maryvilledev:
	Anthony Howell: anthonyrhowell!gmail.com
mc2 software:
	Alexey Palazhchenko: alexey.palazhchenko!gmail.com, alexey.palazhchenko!percona.com until 2016-07-01
mgit-at:
	Christian Pointner: cpointner!mgit.at
	Michael Gebetsroither: mgebetsroither!mgit.at
microcloud:
	O'meid: public!omeid.me
mirada plc:
	Oscar Morante: oscar.morante!mirada.tv
mixmaxhq:
	Trey Tacon: ttacon!gmail.com
mixslice:
	Zeqing Zhang: zzq889!gmail.com
mmm:
	Ralf Baechle: ralf!linux-mips.org
mmmm:
	Adrien Chardon: Nodraak!users.noreply.github.com, adrienchardon!mailoo.org
mnubo:
	Sebastien Coutu: sebastien.coutu!gmail.com
modernmsg:
	Aly Fulton: sinthetix!users.noreply.github.com
moexmen:
	Chiang Fong Lee: myself!cflee.net
moovel:
	Magnus Kulke: mkulke!gmail.com
	andiMenge: andiMenge!users.noreply.github.com
	nellessen: nellessen!users.noreply.github.com
motion.social:
	Justin Huff: jjhuff!mspin.net
move digital ag:
	Alin Sinpalean: alin-amana!users.noreply.github.com, alin.sinpalean!amanaadvisors.com, alin.sinpalean!gmail.com from 2016-11-01
msg systems:
	Alexander Schwartz: alexander.schwartz!gmx.net
mxxn:
	Blaž Hrastnik: blaz.hrast!gmail.com
mySociety:
	Chris Mytton: chrismytton!gmail.com
myvoya:
	Voyalab LLC: contact!voyalab.com
nVisium:
	Julien Dehee: prfalken!users.noreply.github.com
nearForm:
	Christopher Najewicz: chief!beefdisciple.com
	dgonzalez: dgonzalez!users.noreply.github.com
npm:
	zeke: zeke!sikelianos.com
npower:
	opa-updater-automation: opa-updater-automation!openpolicyagent.org from 2017-04-01 until 2018-09-01
ntes:
	Ian Huang: ian.d2d!qq.com
nuxi:
	Ed Schouten: ed!nuxi.nl from 2016-05-01
ocadotechnology:
	Jacek Suchenia: jacek.suchenia!gmail.com
	Mike Bryant: mike!mikebryant.me.uk
	Olaf Szmidt: szmidtolaf!gmail.com
	Piotr Kubowicz: piotr.kubowicz!gmail.com, pkubowicz!users.noreply.github.com
	Tomasz Prus: tomasz.prus!gmail.com
	rubencabrera: rubencabrera!users.noreply.github.com
openebs:
	Prateek: prateekpandey14!gmail.com
opentargets:
	elipapa: elipapa!users.noreply.github.com
opsangeles.com:
	Lars Lehtonen: lars.lehtonen!gmail.com
optiopay:
	Alexey Miroshkin: alexey.miroshkin!optiopay.com
	gcmalloc: gcmalloc!gmail.com, gcmalloc!users.noreply.github.com
orijtech:
	Emmanuel Odeke: emm.odeke!gmail.com
	Emmanuel T Odeke: odeke!ualberta.ca
ovotech:
	George Crawford: g.o.crawford!gmail.com
	cb372: cb372!users.noreply.github.com
pachyderm:
	Derek Chiang (Enchi Jiang): derekchiang93!gmail.com
	msteffen: msteffen!users.noreply.github.com
parsable:
	Sam Vilain: sam!vilain.net from 2015-10-15 until 2017-02-15
phone-io:
	Nate Armstrong: narmstrong!instructure.com from 2015-09-01 until 2016-01-01
pi4_robotics:
	Torsten Schenk: torsten.schenk!zoho.com
policygenius:
	Miles Fricker: miles.fricker!gmail.com
portworx:
	senpx: senpx!users.noreply.github.com
pronix:
	dima: pronix.service!gmail.com
pusher:
	Joel Speed: joel.speed!hotmail.co.uk
qmedia:
	Steffen Hanikel: steffen.hanikel!gmail.com from 2014-02-15 until 2015-02-15
quaponatech:
	Sascha Grunert: mail!saschagrunert.de
quinncia:
	Babajide Fowotade: jide.b.tade!gmail.com
qvitoo:
	Henrik Feldt: haf!users.noreply.github.com, henrik!logibit.se
rOpenSci:
	Scott Chamberlain: myrmecocystus!gmail.com from 2014-08-01
realzeit:
	Robert Vollmert: rfvollmert!gmail.com, robx!users.noreply.github.com from 2014-11-01 until 2017-02-01
recruit-mp:
	Naoki Ainoya: ainonic!gmail.com
redBorder:
	Ana Rey: anarey!gmail.com from 2015-10-01 until 2016-10-01
	Angel M De Miguel: angel!bitnami.com from 2014-06-01 until 2016-05-01
	Carlos Rodríguez Hernández: carrodher1179!gmail.com until 2016-06-01
	Ángel M: angelmmiguel!users.noreply.github.com from 2014-06-01 until 2016-05-01
redtoo ag:
	Andrey Arapov: andrey.arapov!nixaid.com, arno01!users.noreply.github.com until 2015-06-15
rstorcloud:
	Rober Morales-Chaparro: rober.morales!rstor.io
rtCamp:
	Arush Salil: arush-sal!users.noreply.github.com, me!aru.sh
s1network:
	lsowen: lsowen!s1network.com, lsowen!users.noreply.github.com
safework:
	Mark Cola: m.cola!tlrg.com.au
salestock:
	Bayu Aldi Yansyah: bayualdiyansyah!gmail.com
saltation:
	Björn Steinbrink: b.steinbrink!gmx.de
shopspring:
	Victor Quinn: mail!victorquinn.com
simia.tech UG:
	Philipp Brüll: bruell!simiatech.com
sky-uk:
	Reece Arratoonian-Walker: reece.arratoonianwalker!gmail.com
	ScottGuymer: ScottGuymer!users.noreply.github.com
	lw346: lw346!users.noreply.github.com
	nickrobertssky: nickrobertssky!users.noreply.github.com
	saley89: saley89!users.noreply.github.com
	theangrydev: theangrydev!users.noreply.github.com
slackbot:
	Jarred Trainor: me!jarred.com.au
sorintlab:
	Simone Gotti: sgotti!sorint.it
spotahome:
	Julio Chana: jchanam!gmail.com
startuphero.es:
	Cemalettin Koc: cemalettin.koc!gmail.com from 2016-04-15
storageos:
	Simon Croome: simon.croome!storageos.com
student.com:
	ValFadeev: valentin.fadeev!student.com
sysmocom:
	Harald Welte: laf0rge!users.noreply.github.com, laforge!gnumonks.org
systemli.org:
	louis: louis!systemli.org
t2cloud:
	Leo Zhang: nguzcf!gmail.com
	chenze: chenze!t2cloud.net
	chinabjalex: chinabjalex!gmail.com
	coolias.lj: coolias.lj!gmail.com
	fengbeihong: fengbeihong!gmail.com
	hantim.lin: hantim.lin!gmail.com
	hhktony: hhktony!gmail.com
	liao.zd: liao.zd!gmail.com
	liao_zd: liao_zd!hotmail.com
	liaozhuodi: liaozhuodi!t2cloud.net
	linbing: hawkerous!gmail.com, linbing!t2cloud.net
	linhanchen: linhanchen!t2cloud.net
	qitianbiao: qitianbiao!gmail.com
	qitianbiao: qitianbiao!t2cloud.net
	shidonghao: shidonghao!t2cloud.net
	sunluning: sunluning!t2cloud.net
	tian694293774: tian694293774!gmail.com
	tianjie: tianjie!t2cloud.net
	wujian: wujian!t2cloud.net
	xiechao: xiechao!t2cloud.net
	xutao: xutao!t2cloud.net
	zackchen517: zackchen517!gmail.com
	zhangchengfei: zhangchengfei!t2cloud.net
takealot:
	Stephan van Ellewee: stephan.van.ellewee!gmail.com
taskit:
	Christian Glindkamp: christian.glindkamp!taskit.de
tcp cloud:
	6du1ro.n: 6du1ro.n!gmail.com
	Petr Michalec: epcim!apealive.net from 2016-05-31 until 2016-10-31
	a.komarek: a.komarek!tcpcloud.eu
	a.tengler: a.tengler!tcpcloud.eu
	adam.tengler: adam.tengler!tcpcloud.eu
	alena.holanova: alena.holanova!tcpcloud.eu
	ales.komarek: ales.komarek!newt.cz
	ales.komarek: ales.komarek!tcpcloud.eu
	daneel23: daneel23!atlas.cz
	filip: filip!pytloun.cz
	filip.pytloun: filip.pytloun!tcpcloud.eu
	holanova.al: holanova.al!gmail.com
	j.pavlik: j.pavlik!tcpcloud.eu
	jakub.pavlik: jakub.pavlik!tcpcloud.eu
	jan.kaufman: jan.kaufman!tcpcloud.eu
	jan.kaufman909: jan.kaufman909!gmail.com
	jiri.konecny: jiri.konecny!tcpcloud.eu
	liquid: liquid!nano.cz
	m.celoud: m.celoud!tcpcloud.eu
	m.kuty: m.kuty!tcpcloud.eu
	mail: mail!majklk.cz
	mail: mail!newt.cz
	marek.celoud: marek.celoud!tcpcloud.eu
	michael.kuty: michael.kuty!tcpcloud.eu
	ondrej.smola: ondrej.smola!tcpcloud.eu
	pavel.cizinsky: pavel.cizinsky!seznam.cz
	pavel.cizinsky: pavel.cizinsky!tcpcloud.eu
	pavlk.jakub: pavlk.jakub!gmail.com
	petr.michalec: petr.michalec!gmail.com from 2016-05-31 until 2016-10-31
	petr.michalec: petr.michalec!tcpcloud.eu from 2016-05-31 until 2016-10-31
	petr_michalec: petr_michalec!cz.ibm.com from 2016-05-31 until 2016-10-31
	pmichalec: pmichalec!mirantis.com from 2016-05-31 until 2016-10-31
	tuxstarcraft: tuxstarcraft!gmail.com
	v.mikes: v.mikes!tcpcloud.eu
	vlastimil.mikes: vlastimil.mikes!tcpcloud.eu
tef-novum:
	Danny Kulchinsky: dannyk!tuenti.com
tenxcloud:
	Zhenhai Gao: gaozh1988!live.com
teracyhq:
	hoatle: hoatle!teracy.com
teuto.net Netzdienste GmbH:
	brolga: brolga!users.noreply.github.com
	teuto.net Netzdienste GmbH: github!teuto.net
	Özgür Caner: oc!teuto.net
thinkstep:
	kulke: magnus.kulke!thinkstep.com
timanetworks:
	chao.xu: chao.xu!timanetworks.com
titicacadev:
	Mark Lee: code0x9!gmail.com
	mark: mark!titicaca-corp.com
topfreegames:
	Felipe Cavalcanti: fjfcavalcanti!gmail.com
	Henrique Rodrigues: henrod!users.noreply.github.com
	andrehp: andrehp!users.noreply.github.com
treasure-data:
	dmikurube: dmikurube!users.noreply.github.com
tretau.net:
	Torben Tretau: torben!tretau.net
twitch.tv:
	Mike Lyons: mrlyons!gmail.com
uAfrica:
	Johan Meiring: johanmeiring!gmail.com from 2015-06-01
uDesk:
	Xinhai Wang: XinhaiWang!users.noreply.github.com, hxin.wang!yahoo.com from 2017-04-01 until 2017-11-01
uShip:
	Kevin Miller: scoundrel!gmail.com
uStudio:
	Alex Tanton: tantona!gmail.com
uSwitch:
	Naadir Jeewa: jeewan!vmware.com, naadir!randomvariable.co.uk, naadir!scalefactory.com, njeewa!heptio.com until 2015-07-01
	Ragnar Dahlén: r.dahlen!gmail.com
uberous:
	Jeroen Visser: jeroenvisser101!users.noreply.github.com
uc3m:
	Alberto Cortés: alcortesm!gmail.com until 2015-09-01
udacity:
	Shaily Sangwan: shaily15297!yahoo.com
	Thaissa Falbo: thaissa.falbo!gmail.com
ungi:
	Denis Pithon: denis.pithon!gmail.com
veritone:
	Marc Tamsky: tamsky!users.noreply.github.com
versionpress:
	Borek Bernard: borekb!gmail.com, borekb!users.noreply.github.com
vimond:
	Olve Sæther Hansen: olve!vimond.com
	dagvl: dagvl!users.noreply.github.com
	fiskeben: fiskeben!users.noreply.github.com
vipshop:
	hobbeslee: hobbeslee!users.noreply.github.com
	wu8685: optimuswu8685!gmail.com
viralkitty:
	Zachary Adam Kaplan: razic!viralkitty.com
virtualop:
	Philipp T: philippt!users.noreply.github.com
volleylabs:
	Patrick Flor: git.push.origin!gmail.com
	malcolmgreaves: malcolmgreaves!users.noreply.github.com
voxelbrain:
	Sebastian Friedel: sebastian!civist.com
vpop.net:
	Matt Reimer: mreimer!vpop.net
webgains:
	Victor Unegbu: victor!unegbu.com
wellcometrust:
	Alex Chan: alex!alexwlchan.net, alex.chan!metaswitch.com
wfarr systems:
	Will Farrington: wcfarrington!gmail.com
whatchado:
	mbertschler: mbertschler!gmail.com
wikiwi:
	Chi Vinh Le: cvl!winged.kiwi
winhong:
	wangyy: wangyy!winhong.com
	yuyangwang1985: yuyangwang1985!gmail.com
wix.com:
	Gregory Man: man.gregory!gmail.com
woorank:
	Bruno: bruno!woorank.com
wyplay:
	Cyril Jouve: cjouve!wyplay.com
xCal:
	Cristian Sicilia: sicilia.cristian!gmail.com from 2018-06-01
yxli:
	Yongxin Li: liyongxin!users.noreply.github.com, yxli!alauda.io
zbj.com:
	旷淇元: me!simonkuang.com, simonkuang!users.noreply.github.com
zju:
	Qinglan Peng: qinglanpeng!zju.edu.cn
zlabjp:
	Kazuki Suda: kazuki.suda!gmail.com, ksuda!zlab.co.jp
	Tomoya Usami: tousami!zlab.co.jp
znly:
	Quentin Perez: qperez42!gmail.com
	clmssz: clmssz!users.noreply.github.com
	daedric: daedric!users.noreply.github.com
zoobab:
	Benjamin Henrion: zoobab!gmail.com
zvelo:
	Joshua Rubin: joshuarubin!users.noreply.github.com, jrubin!zvelo.com
École de technologie supérieure:
	Michael Faille: michael!faille.io from 2014-09-15 until 2016-01-15
Красное и белое:
	Andrey Panin: pazke!donpac.ru from 2017-12-01
	Dennis Munsie: dmunsie!cecropia.com until 2016-02-01
МТС:
	Aleksey Zhukov: alex!izhukov.ru
НГС:
	Ilya Saulenko: hi!mynameiswhm.ru
НГС.ТЕХНОЛОГИИ (NGS.RU):
	Maxim Snezhkov: m.snezhkov!gmail.com, maximsnezhkov!users.noreply.github.com from 2018-07-01
НИИ АА:
	Alexander Chumakov: bestak47!gmail.com
ООО .C7 Информационные технологии.:
	Maxim Snezhkov: m.snezhkov!gmail.com, maximsnezhkov!users.noreply.github.com until 2018-07-01
СИБРУС:
	Vasily Kulikov: segoon!openwall.com from 2015-06-01
ТЭЦ-2:
	Timofey Titovets: Nefelim4ag!users.noreply.github.com, nefelim4ag!gmail.com until 2015-02-01
Эвотор:
	Denis Mikhaylov: notxcain!gmail.com from 2017-09-01
الصحيفة الآقتصادية:
	Yaser Alraddadi: gam-phon!users.noreply.github.com until 2014-06-15
✕✕✕✕✕:
	Peter Bourgon: peter!bourgon.org
うんこ:
	Akihiro Harai: harai!users.noreply.github.com, jharai0815!gmail.com
カブク:
	keisuke oohashi: keisuke.oohashi!gmail.com
上海易路软件有限公司:
	Rogan: quangenw!gmail.com
中佑:
	colin: colin1124x!gmail.com
中兴通讯股份有限公司:
	Tim Zhang: zxysjtu!gmail.com from 2014-03-01 until 2018-06-01
中科院计算技术研究所:
	Connor: Connor1996!users.noreply.github.com, zbk602423539!gmail.com until 2017-06-01
亚信科技 AsiaInfo:
	yaxinlx: liuxu!asiainfo.com
倫理的に妥当な箱:
	cho45: cho45!lowreal.net
北京天威诚信电子商务服务有限公司:
	samuel shan: shm.shan!gmail.com
嘀嗒出行:
	Xinhai Wang: XinhaiWang!users.noreply.github.com, hxin.wang!yahoo.com from 2017-11-01
堆糖:
	Weizhen Wang: hawking.rei!gmail.com from 2016-06-01 until 2018-01-01
大象机器人 Elephant Robotics:
	Leonid V. Fedorenchik: leonidsbox!gmail.com from 2017-09-01
天津南大通用数据技术股份有限公司:
	Changli Gao: xiaosuo!gmail.com from 2014-03-01 until 2015-03-01
奇虎360:
	Ri Xu: xuri.me!gmail.com
实地地产:
	woosley.xu: woosley.xu!gmail.com from 2017-08-01 until 2017-12-01
徳を積む:
	catatsuy: catatsuy!catatsuy.org
快仓:
	Jianyu Zhan: nasa4836!gmail.com from 2019-01-01
株式会社アニメイトラボ:
	Yamagishi Kazutoshi: ykzts!desire.sh
株式会社ドヴァ:
	najeira: najeira!gmail.com
欢聚时代:
	Sophos: hnlq.sysu!gmail.com
江苏海隆软件技术有限公司:
	Tim Zhang: zxysjtu!gmail.com until 2014-03-01
社会大学:
	pigletfly: pigletfly!users.noreply.github.com, wangbing.adam!gmail.com
豆瓣:
	Limbo Peng: iwinux!gmail.com
스마일게이트:
	9to6: ktk0011+dev!gmail.com
패스트캠퍼스:
	Geosung Lee: buo!users.noreply.github.com, github!arar.io
