# This is the main developers affiliations file.
# If you see your name with asterisk '*' sign - it means that
# multiple affiliations were found for you with different email addresses.
# Please merge all of them into one then.
thowe: thowe!hp.com
	Charter
	Time Warner Cable until 2016-05-18
	HP until 2015-11-13
	HP until 2015-10-31
throck: throck!users.noreply.github.com
	Red Hat
throughnothing: throughnothing!gmail.com
	Rackspace
thuleau: thuleau!gmail.com
	Juniper Networks
	Cloudwatt until 2016-02-29
	Orange until 2013-01-31
thunder.xu: thunder.xu!outlook.com
	China Unicom
tiago.pasqualini: tiago.pasqualini!gmail.com
	Hitachi
tiagop.silva: tiagop.silva!fit-tecnologia.org.br
	Hitachi
tian.mingming: tian.mingming!h3c.com
	H3C
tian694293774: tian694293774!gmail.com
	t2cloud
tiancaiamao: 306345843!qq.com
	NotFound
tiancyin: tianci.yin!amd.com
	AMD
tianjie: tianjie!t2cloud.net
	t2cloud
tianliang: tianliang!awcloud.com
	Awcloud
tianming20052004: tianming20052004!163.com
	H3C
tianqian.zyf: tianqian.zyf!alibaba-inc.com, zyfjeff!users.noreply.github.com
	Alibaba
tianqing: tianqing!unitedstack.com
	UnitedStack
tianshapjq: pu.junqi!zte.com.cn
	ZTE
tiantian223: tiantian223!163.com
	Huawei
tianyicaig: tianyicai!google.com
	Google
tifosi1988: tifosi1988!users.noreply.github.com
	VMware
tiggerlee: lishuangtai!163.com
	NetEase
tikidunpon: tanakakoichi256!gmail.com
	NotFound
tim: tim!swiftstack.com
	SwiftStack
tim-zju: 21651152!zju.edu.cn
	Independent
tim.brown5: tim.brown5!hp.com
	HP
tim.burke: tim.burke!gmail.com
	SwiftStack
tim.kelsey: tim.kelsey!hpe.com
	HP
tim.millican: tim.millican!linux.com
	Comcast
tim.simpson: tim.simpson!rackspace.com
	Rackspace
tim.simpson4: tim.simpson4!gmail.com
	Rackspace
tim.smyth: tim.smyth!kiwigrid.com
	Kiwigrid
timbozo: timbozo!users.noreply.github.com
	Netflix
timcrall: timcrall!gmail.com
	CDK Global
	ADP Dealer Services until 2014-09-15
timfallmk: timfallmk!users.noreply.github.com
	Mesosphere
timmiotool: 33017641+tim-smyth!users.noreply.github.com
	Kiwigrid
timrchavez: timrchavez!users.noreply.github.com
	DigitalOcean
timrs2998: timrs2998!users.noreply.github.com
	Target
timsheng: timsheng!users.noreply.github.com
	Independent
timstclair: timstclair!users.noreply.github.com
	Google
timtoum: timothee.faure!cegetel.net
	Le Mas des Papillons
timwr: timwr!users.noreply.github.com
	Facebook
tina.tang: tina.tang!emc.com
	Dell
	EMC until 2017-01-31
ting.wang: ting.wang!easystack.cn
	EasyStack
tingrli: tingrli!cisco.com
	Cisco
tiraboschi: tiraboschi!users.noreply.github.com
	Red Hat
titotp: titotp!users.noreply.github.com
	Amazon
tiwillia: tiwillia!redhat.com
	Red Hat
tizhou86: tizhou1986!gmail.com
	Baidu
tkalapura: tkalapura!walmart.com
	Walmart
tkalapura: tkalapura!walmartlabs.com
	Walmart
tkarpinski: tkarpinski!users.noreply.github.com
	SalesForce
tkashem: tkashem!users.noreply.github.com
	Red Hat
tkulczynski: tkulczynski!users.noreply.github.com
	Google
tkyk.mitsui: tkyk.mitsui!gmail.com
	NTT
tlashchova: tlashchova!gmail.com
	Independent
	Mirantis until 2016-10-10
tlashchova: tlashchova!mirantis.com
	Independent
	Mirantis until 2016-10-10
tleahygoogle: tleahygoogle!users.noreply.github.com
	Google
tlopesPT: tlopes.pt!outlook.com
	NotFound
tmack-pl: tmack!cs.princeton.edu
	NotFound
tmaret: tmaret!users.noreply.github.com
	Adobe
tmatsuo: tmatsuo!users.noreply.github.com
	Google
tmazur: tmazur!mirantis.com
	Mirantis
tmcpeak: tmcpeak!us.ibm.com
	IBM
	HP until 2016-03-05
	HP until 2015-10-31
	Symantec until 2014-08-15
tmds: tmds!users.noreply.github.com
	Red Hat
tmiddlet2666: tmiddlet2666!users.noreply.github.com
	Oracle
tminke: tminke!users.noreply.github.com
	SAP
tmmorin.orange: tmmorin.orange!gmail.com
	Orange
tmurakam: tmurakam!users.noreply.github.com
	NEC
tmuthamizhan: tamil.muthamizhan!inktank.com
	Inktank
tnaroska: tnaroska!users.noreply.github.com
	Adobe
tobad357: tobias.adamson!gmail.com
	The Manufacturing Institute
tobal: tobal!users.noreply.github.com
	BalaBit
tobias: tobias!busybox.se
	Binero
tobias: tobias!redpill-linpro.com
	Redpill Linpro
tobias-bahls: tobias-bahls!users.noreply.github.com
	Zalando
tobias.urdin: tobias.urdin!binero.se
	Binero
tobilarscheid: tobilarscheid!gmail.com
	IBM
tobixen: tobixen!gmail.com
	Redpill Linpro
tobsch: tobsch!users.noreply.github.com
	Zalando
tobz: tobias.lawrence!gmail.com
	Wayfair
	edX until 2017-11-01
	Localytics until 2015-12-01
	Blue State Digital until 2015-08-01
todd: todd!ansolabs.com
	Nebula
todd: todd!rubidine.com
	Nebula
todd: todd!toddmorey.com
	OpenStack Foundation
toddboom: toddboom!users.noreply.github.com
	Pivotal
toddmorey: toddmorey!todds-macbook-pro-2.local
	OpenStack Foundation
toddmorey: toddmorey!todds-mbp-2.(none)
	OpenStack Foundation
toddmorey: toddmorey!todds-mbp-2.grandenetworks.net
	OpenStack Foundation
todkap: todkap!users.noreply.github.com
	IBM
tofupl: tofupl!users.noreply.github.com
	Independent
tokaplan: tokaplan!users.noreply.github.com
	Microsoft
tokiwinter: tokiwinter!users.noreply.github.com
	The Linux Foundation
tokunbo: tokunbo!users.noreply.github.com
	Google
toliaqat: toliaqat!users.noreply.github.com
	VMware
tolleiv: github!tolleiv.de
	AOE
tom.cammann: tom.cammann!hpe.com
	HP
tom.pollard: tom.pollard!codethink.co.uk
	Codethink
tom.swanson: tom.swanson!dell.com
	Dell
tom_pollard: tom_pollard!hotmail.co.uk
	Codethink
tomasnorre: tomasnorre!users.noreply.github.com
	AOE
tomaszklimczyk: tomasz.klimczyk!bigswitch.com
	Big Switch Networks
tombentley: tombentley!users.noreply.github.com
	Red Hat
tomconte: tomconte!users.noreply.github.com
	Microsoft
tomiloza: tomiloza!users.noreply.github.com
	Codecentric AG
tomjosekal: tomjosekal!gmail.com
	Walmart
tomoki_amano: tomoki_amano!adoc.co.jp
	ADOC International
tomrodeheffer: tomrodeheffer!users.noreply.github.com
	Google
tomwei7: tomwei7!users.noreply.github.com
	DaoCloud
tone-zhang: tone.zhang!linaro.org
	Linaro
toni: toni!midokura.com
	Red Hat
	Independent until 2016-08-28
	Midokura until 2016-08-09
tonixx23: tonixx23!gmail.com
	Independent
tony-liu: liutao61!huawei.com
	Huawei
tony.breeds: tony.breeds!rackspace.com
	Independent
	Red Hat until 2017-06-05
	Rackspace until 2017-04-28
tony.breeds: tony.breeds!redhat.com
	Independent
	Red Hat until 2017-06-05
	Rackspace until 2017-04-28
tonycgil: tonycgil!users.noreply.github.com
	VMware
tonyclam: tonyclam!users.noreply.github.com
	Oracle
tookko: tookko!users.noreply.github.com
	Nokia
toolchainX: toolchainX!gmail.com
	Alibaba
toravir: toravir!users.noreply.github.com
	Cisco
tore: tore!redpill-linpro.com
	Redpill Linpro
tortila: tortila!users.noreply.github.com
	Zalando
tossmilestone: tossmilestone!gmail.com
	Alauda
tot0: tot0!users.noreply.github.com
	Microsoft
tovbinm: tovbinm!users.noreply.github.com
	SalesForce
toxhz: toxhz!163.com
	SG.Cloud
toyama0919: toyama0919!gmail.com
	IPROS
toyoda: k-toyoda!pi.jp.nec.com, k-toyoda-pi!users.noreply.github.com
	NEC
tpatil: tpatil!vertex.co.in
	NTT
tpb: tpb!dyncloud.net
	Red Hat
	NetApp until 2015-12-11
tpetr: tpetr!hubspot.com, tpetr!users.noreply.github.com
	HubSpot
tpetracca: tpetracca!users.noreply.github.com
	Palantir
tpeyrard: tpeyrard!users.noreply.github.com
	Criteo
tproenca: tproenca!users.noreply.github.com
	VMware
trabetti: talis!il.ibm.com
	IBM
trainyao: trainyao!gmail.com
	Meijiabany
travcunn: travcunn!users.noreply.github.com
	Amazon
travelist: travelist!users.noreply.github.com
	Cisco
travis.mcpeak: travis.mcpeak!hpe.com
	IBM
	HP until 2016-03-05
	Symantec until 2014-08-15
travis.tripp: travis.tripp!hp.com
	Independent
travis.tripp: travis.tripp!hpe.com
	Independent
	HP until 2015-10-31
travis_mcpeak: travis_mcpeak!symantec.com
	IBM
	HP until 2016-03-05
	HP until 2015-10-31
	Symantec until 2014-08-15
travishaagen: travis.haagen!gmail.com
	Act-On Software
traviskaufman: traviskaufman!users.noreply.github.com
	Google
traylenator: traylenator!users.noreply.github.com
	CERN
treeder: treeder!users.noreply.github.com
	Oracle
tremble: tremble!users.noreply.github.com
	Red Hat
trentzhou: trentzhou!users.noreply.github.com
	Oracle
treva: treva!linuxacademy.com
	Linux Academy
	Rackspace until 2016-11-25
trevor tao: trevor.tao!arm.com
	ARM
trevor.robertsjr: trevor.robertsjr!vce.com
	VCE
trevorackerman-wk: trevorackerman-wk!users.noreply.github.com
	Workiva
trevorputbrese: trevorputbrese!users.noreply.github.com
	VMware
trey.morris: trey.morris!rackspace.com
	Rackspace
treyemorris: treyemorris!gmail.com
	Rackspace
trgill: trgill!users.noreply.github.com
	Red Hat
tribecca: tribecca!tribecc.us
	Linux Academy
	Rackspace until 2016-11-25
triceam: triceam!gmail.com
	IBM
triggity: triggity!users.noreply.github.com
	CloudFlare
trinath.somachi: trinath.somachi!freescale.com
	NXP
	Freescale until 2016-11-01
trinath.somanchi: trinath.somanchi!gmail.com
	NXP
	Freescale until 2016-11-01
trinath.somanchi: trinath.somanchi!nxp.com
	NXP
	Freescale until 2016-11-01
trinchan: trinchan!users.noreply.github.com
	Compose
trinhlee: trinhlee!users.noreply.github.com
	Cisco
trironkk: trironkk!users.noreply.github.com
	Google
trishnaguha: trishnaguha!users.noreply.github.com, trishnaguha17!gmail.com
	Red Hat
tristan.cacqueray: tristan.cacqueray!enovance.com
	Red Hat
	eNovance until 2014-06-24
trogeat: trogeat!users.noreply.github.com
	42
troschinsky: troschinsky!gmail.com
	Sberbank
trown: trown!users.noreply.github.com
	Red Hat
troy.johns.plde: troy.johns.plde!statefarm.com
	State Farm Insurance
troy.toman: troy.toman!rackspace.com
	Rackspace
trumant: trumant!gmail.com
	Comcast
trunet: trunet!users.noreply.github.com
	ComScore
trwegner: trwegner!users.noreply.github.com
	Azure
trygve.vea: trygve.vea!gmail.com
	Redpill Linpro
tschroed: tschroed!gmail.com
	NotFound
tschuy: tschuy!users.noreply.github.com
	Red Hat
tschwaller: tschwaller!users.noreply.github.com
	VMware
tsg: tsg!users.noreply.github.com
	Elastic
tshaynik: tshaynik!users.noreply.github.com
	Nuance Communications
tstringer: tstringer!users.noreply.github.com
	Microsoft
tsunammis: tsunammis!users.noreply.github.com
	Dailymotion
tsutomu.owa: tsutomu.owa!toshiba.co.jp
	Toshiba
tt: tt!users.noreply.github.com
	Heroku
ttcl: ttcl!mac.com
	Rackspace
ttgump: syrttgump!gmail.com
	NotFound
tthole: tthole!vmware.com
	VMware
tttbxj: tttbxj!163.com
	SG.Cloud
tuanvcw: tuanvc!vn.fujitsu.com
	Fujitsu
tulasinagraj: tulasi.r!tcs.com
	Tata
tuminoid: tuminoid!users.noreply.github.com
	Ericsson
tummychow: sjung!squareup.com
	Square
tung.doan_van: tung.doan_van!tu-dresden.de
	5G Lab Germany
tuommaki: tuommaki!users.noreply.github.com
	Giant Swarm
tushabe: tushabe!users.noreply.github.com
	ThoughtWorks
tushar.vitthal.patil: tushar.vitthal.patil!gmail.com
	NTT
tusharnt: tusharnt!users.noreply.github.com
	VMware
tusharsappal: tusharsappal!users.noreply.github.com
	Adobe
tuxstarcraft: tuxstarcraft!gmail.com
	tcp cloud
tvj515: tvj515!my.utsa.edu
	Intel
tvshc: tobias2106!gmail.com
	NotFound
tweettypography: tweettypography!users.noreply.github.com
	SalesForce
twiest: twiest!users.noreply.github.com
	Red Hat
twilde: twilde!users.noreply.github.com
	Google
twmartin: ty.w.martin!gmail.com
	NotFound
tyagi.ishant: tyagi.ishant!gmail.com
	HP
	HP until 2015-10-31
tybritten: tybritten!users.noreply.github.com
	Pivotal
tyler: tyler!blend.com
	NotFound
tyler.britten: tyler.britten!emc.com
	Blue Box
	EMC until 2015-06-30
tyler4long: tyler4long!gmail.com
	RingCentral
	Independent until 2016-03-01
tylerauerbeck: auerbecktj!upmc.edu
	NotFound
tylercrompton: tylercrompton!users.noreply.github.com
	Independent
tylerrinnan-wf: tylerrinnan-wf!users.noreply.github.com
	Workiva
tylerstapler-wf: tylerstapler-wf!users.noreply.github.com
	Workiva
tylfin: tylfin!users.noreply.github.com
	Maxwell Health
typekpb: typekpb!users.noreply.github.com
	IBM
tyr: tyr!hp.com
	HP
	HP until 2015-10-31
tyr: tyr!hpe.com
	HP
tyranron: tyranron!gmail.com
	inwinSTACK
tyuanhang: t-yuhang!microsoft.com
	Microsoft
u2g-tg: 33088484+u2g-tg!users.noreply.github.com
	NotFound
u2takey: wanglei2!qiniu.com
	Qiniu
uberj: jaxbr503!gmail.com
	Oregon State Network Enginerring
ublubu: kynan.rilee!gmail.com
	Google
ubuntu: ggowdru!radisys.com
	Radisys
ubuntu: ubuntu!medberry.net
	Charter
	Time Warner Cable until 2016-05-18
	Canonical until 2014-01-26
uckey: uckey.1067!gmail.com, ukinau!users.noreply.github.com
	NTT
uday31in: uday31in!users.noreply.github.com
	Microsoft
uestc.shi: uestc.shi!gmail.com
	China Mobile
	Orange until 2015-09-30
ugvddm: ugvddm!users.noreply.github.com
	Huawei
ujuc: ujuc!ujuc.kr
	Independent
ukesh.vasudevan: ukesh.vasudevan!infinite.com
	Infinite
	HCL until 2016-07-12
ukeshkumar: ukeshkumar!gmail.com
	Infinite
	HCL until 2016-07-12
ukeshkumar.v: ukeshkumar.v!hcl.com
	Infinite
	HCL until 2016-07-12
ultraon: ultraon!users.noreply.github.com
	GlobalLogic
ultrasystem: ultrasystem!users.noreply.github.com
	Tencent
ulyssessouza: ulyssessouza!gmail.com, ulyssessouza!users.noreply.github.com
	Altim
umangachapagain: umangachapagain!users.noreply.github.com
	Red Hat
umiyosh: yumino99!gmail.com
	NotFound
unak: usa!garbagecollect.jp
	Ruby
unbrice: unbrice!users.noreply.github.com
	Criteo
unclejack: unclejack!users.noreply.github.com
	Docker
unindented: unindented!users.noreply.github.com
	Microsoft
unino1: unino1!korea.com
	Samsung
unisisdev: contacto!unisis.com.ar
	Independent
unknown*: acearl!.marvell.com
	Marvell
unknown*: ashok_daparthi!wn7x64-1bs5zr1.blr.amer.dell.com, ashok_daparthi!wn7x64-1bs5zr1.maa.apac.dell.com, shchea!ruenshcheal2c.corp.emc.com
	Dell
unknown*: j67695!rl67695p.jbcc.co.jp
	NotFound
unknown*: jborghi!.cisco.com
	Cisco
unknown*: magur!.noe.nokia.com
	Nokia
unknown*: marcins!marcins-brick.redmond.corp.microsoft.com
	Microsoft
unknown*: sranjit!sranjit02-pc.hq.netapp.com
	NetApp
unknown*: teboring!teboring1-w.ad.corp.google.com
	Google
unknown*: vernat-e!.fr.ad.bull.net
	Bull SAS
unknown: unknown!hacker.net
	Virgin Media
unmesh.gurjar: unmesh.gurjar!hp.com
	HP
	HP until 2015-10-31
	NTT until 2013-01-18
unmesh.gurjar: unmesh.gurjar!hpe.com
	HP
	NTT until 2013-01-18
unmesh.gurjar: unmesh.gurjar!nttdata.com
	HP
	HP until 2015-10-31
	NTT until 2013-01-18
unmesh.gurjar: unmesh.gurjar!vertex.co.in
	HP
	HP until 2015-10-31
	NTT until 2013-01-18
unnam.anusha201: unnam.anusha201!gmail.com
	Intel
unrealsolver: unrealsolver!users.noreply.github.com
	EPAM
uone: uone!trezeciak.de
	Deutsche Telekom
urcan: batikan.urcan!est.fujitsu.com
	Fujitsu
urosorozel: urosorozel!users.noreply.github.com
	Rackspace
usahai30: usahai30!users.noreply.github.com
	VMware
ushergod: ushergod!users.noreply.github.com
	VMware
usnexp: usnexp!gmail.com
	SK Telecom
usrleon: usrleon!gmail.com
	Mirantis
utkarsh: utkarsh.ag!samsung.com
	Samsung
uu59: k!uu59.org, uu59!users.noreply.github.com
	Treasure Data
uwe.schreiber: uwe.schreiber!sva.de
	SVA System Vertrieb Alexander
v.kuramshin: v.kuramshin!samsung.com
	Samsung
v.mikes: v.mikes!tcpcloud.eu
	tcp cloud
vaegt: puyan.sattarian!gmail.com
	NotFound
vagrant: vagrant!localhost.localdomain
	Examplempany
vaibhavsood: vaibhavs!us.ibm.com
	IBM
vaidyanath.m: vaidyanath.m!gmail.com
	Reliance
vaidyanath.manogaran: vaidyanath.manogaran!ril.com
	Reliance
vaikas: vaikas!vaikas-glaptop.roam.corp.google.com
	Google
vaingart: vaingart!hpe.com
	HP
vakovalchuk: vakovalchuk!mirantis.com
	Independent
	Mirantis until 2016-10-18
val.wanjura: val.wanjura!rackspace.com
	Rackspace
vam: vam!google.com
	Google
vam-google: vam-google!users.noreply.github.com
	Google
vancsics: vancsics!inf.u-szeged.hu
	Ericsson
vanderliang: DeliangFan!users.noreply.github.com, vanderliang!gmail.com
	HP
	Letv Cloud Computing until 2015-11-13
	HP until 2015-10-31
vandita_arora: vandita_arora!cable.comcast.com
	Comcast
vanduc95: ducnv!vn.fujitsu.com
	Fujitsu
vanniktech: vanniktech!users.noreply.github.com
	moovel
vanou: 8667089+vanou!users.noreply.github.com, ishii.vanou!fujitsu.com
	Fujitsu
varatep: varatep!users.noreply.github.com
	IBM
varun.gadiraju: varun.gadiraju!intel.com
	Intel
varun.tiwari27: varun.tiwari27!gmail.com
	Walmart
varun.vr850: varun.vr850!gmail.com
	Intel
varun_pandey: varun_pandey1!dell.com
	Dell
varunkumta: varunkumta!users.noreply.github.com
	Microsoft
varyoo: varyoo!users.noreply.github.com
	CoreDNS
vasu1124: vasu1124!actvirtual.com, vasu1124!users.noreply.github.com
	SAP
vasundhara volam: vvolam!broadcom.com
	Broadcom
vazexqi: vazexqi!users.noreply.github.com
	SalesForce
vbannai: vbannai!users.noreply.github.com
	Google
vbarrier: barrier.vincent!gmail.com, vbarrier!kagilum.com
	Kagilum
vbhamidipati: vbhamidipati!ebaysf.com
	eBay
vbhamidipati: vbhamidipati!paypal.com
	eBay
vcaesar: vzvway!gmail.com
	None
vcoisne: vcoisne!users.noreply.github.com
	Docker
vcrhonek: vcrhonek!users.noreply.github.com
	Red Hat
vcx: vcx!users.noreply.github.com
	Microsoft
vdenisov: vdenisov!mirantis.com
	Mirantis
vdmkenny: vdmkenny!users.noreply.github.com
	Inuits
ved_lad: ved_lad!symantec.com
	Symantec
ved_lad: ved_lad!symantec40.com
	Symantec
vedlad: vedlad!gmail.com
	Symantec
veerun14: veerun14!users.noreply.github.com
	Microsoft
vefimova: vefimova!mirantis.com
	Mirantis
velizarx: velizarx!gmail.com
	Selectel
venkat: venkat!portworx.com
	Portworx
venkata.kotha: venkata.kotha!infinite.com
	Infinite
	Independent until 2016-06-08
venkataharshitha186: venkataharshitha186!gmail.com
	Independent
venkatamahesh: venkatamaheshkotha!gmail.com
	Infinite
	Independent until 2016-06-08
ventsing: ventsing!users.noreply.github.com
	Huawei
verm666: verm666!users.noreply.github.com
	Dropbox
vernhart: vernhart!users.noreply.github.com
	Canonical
veryhua2006: veryhua2006!gmail.com
	Canonical
	IBM until 2014-05-23
vgaidarji: veaceslav.gaidarji!gmail.com
	Ellation
	Yopeso until 2017-01-01
	Fruitware until 2015-01-01
vganapath: vganapath!users.noreply.github.com
	Juniper Networks
vglafirov: vglafirov!users.noreply.github.com
	Microsoft
vgridnev: vgridnev!mirantis.com
	Independent
	Mirantis until 2017-06-13
victor: victor!lsd.ufcg.edu.br
	Independent
victor-mendes-eduardo: victor-mendes-eduardo!users.noreply.github.com
	Globo.com
victor.feitosa: victor.feitosa!lsbd.ufc.br
	Hitachi
victor.lowther: victor.lowther!gmail.com
	Independent
	Dell until 2015-05-01
victor.r.howard: victor.r.howard!gmail.com
	Comcast
victor.rodionov: victor.rodionov!nexenta.com
	Nexenta
victor.stinner: victor.stinner!enovance.com
	Red Hat
	eNovance until 2014-06-24
victor_howard: victor_howard!cable.comcast.com
	Comcast
victor_lowther: victor_lowther!dell.com
	Independent
	Dell until 2015-05-01
victorcampos: victorcampos!users.noreply.github.com
	Klarna
victoria: victoria!redhat.com
	Red Hat
victoria: victoria!vmartinezdelacruz.com
	Red Hat
victoriazhengwf: vzheng!vmware.com
	VMware
victorp13: victorp13!users.noreply.github.com
	Microsoft
victorpaulo: victorpaulo!users.noreply.github.com
	IBM
victoryang: victoryang!users.noreply.github.com
	SUSE
victsou: victsou!gmail.com
	Independent
vignesh babu: vignesh.babu!wipro.com
	Wipro
vigneshvar.a.s: vigneshvar.a.s!gmail.com
	Reliance
vigneshvar.subramanian: vigneshvar.subramanian!ril.com
	Reliance
vijavaru: varun.vijayakumar!hpe.com
	HP
vijayendrabvs: vijayendrabvs!gmail.com
	eBay
vijaygos: vijaygos!users.noreply.github.com
	Microsoft
vijayin: vijay.in!samsung.com
	Samsung
vijaykumark: vijaykumark!users.noreply.github.com
	Nokia
vijaytripathi: vijaytripathi!users.noreply.github.com
	Microsoft
vijendra.soni: vijendra.soni!cognizant.com
	Cognizant
vijendra.soni: vijendra.soni!gmail.com
	Cognizant
vikas: vikas.d-m!hp.com
	HP
	HP until 2015-10-31
vikas.choudhary: vikas.choudhary!imaginea.com
	Red Hat
	Imaginea until 2016-07-29
vikas.d-m: vikas.d-m!hpe.com
	HP
vikaschoudhary16: choudharyvikas16!gmail.com, vichoudh!redhat.com
	Red Hat
	Imaginea until 2016-07-29
vikashrepo: vikashrepo!users.noreply.github.com
	VMware
vikram.choudhary: vikram.choudhary!huawei.com
	Huawei
vikrant mhaske: vikrant.mhaske!amd.com
	AMD
viktor.krivak: viktor.krivak!ultimum.io
	Ultimum Technologies
vilterp: vilterp!users.noreply.github.com
	Cockroach
vimartin: vimartin!redhat.com
	Red Hat
vinay.potluri: vinay.potluri!intel.com
	Intel
vinay50muddu: vinay50muddu!yahoo.com
	HP
	HP until 2015-10-31
vinaychandra: vinaychandra!users.noreply.github.com
	Microsoft
vinaypuranik: vinaypuranik564!gmail.com
	Mindtree
vincent gromakowski: vgkowski!users.noreply.github.com, vincent.gromakowski!gmail.com
	Independent
vincent: vincent!casse.me
	OVH
vincent.casse: vincent.casse!ovh.net
	OVH
vincent99: vincent99!users.noreply.github.com
	Rancher
vinita.deshpande: vinita.deshpande!emc.com
	Dell
	EMC until 2017-01-31
vinkesh banka: vinkeshb!thoughtworks.com
	ThoughtWorks
vinnich: VitaliiVinnichuk!users.noreply.github.com, vinnichukvitaliy!gmail.com
	Independent
	Printcentre until 2018-03-01
vinoth.kondiyaan: vinoth.kondiyaan!infinite.com
	Infinite
vinsonxing: vinsonxing!users.noreply.github.com
	HP
vinzenz: vinzenz!users.noreply.github.com
	Red Hat
vipul.sabhaya: vipul.sabhaya!hpe.com
	HP
virmitio: virmitio!users.noreply.github.com
	Microsoft
virtualswede: jonas.rosland!gmail.com
	Dell EMC
vishah: spk83!users.noreply.github.com, vishah!blackrock.com
	blackrock
vishal.yadav: vishal.yadav!nectechnologies.in
	NEC
vishalpowar: vishal.powar!gmail.com, vishalpowar!google.com, vishalpowar!users.noreply.github.com
	Google
visheshnp: visheshnp!gmail.com
	NotFound
vishwanathj: vishwanathj!hotmail.com
	Brocade
vit.lakshman: vit.lakshman!gmail.com
	Aptira
vitalygusev: vitalygusev!users.noreply.github.com
	Mirantis
vitalykarasik: vitalykarasik!users.noreply.github.com
	Independent
vitillo: vitillo!users.noreply.github.com
	Microsoft
vito.ordaz: vito.ordaz!gmail.com
	Nexenta
vivek.kayarohanam: vivek.kayarohanam!ril.com
	Reliance
vivek.nandavanam: vivek.nandavanam!gmail.com
	VMTurbo
	Independent until 2013-01-31
vivek.nandavanam: vivek.nandavanam!vmturbo.com
	VMTurbo
	Independent until 2013-01-31
vivekanandan.bangarusamy: vivekanandan.bangarusamy!hp.com
	HP
	HP until 2015-10-31
vivekanandan.bangarusamy: vivekanandan.bangarusamy!hpe.com
	HP
vivekbagade: vivek.bagade92!gmail.com, vivekbagade!users.noreply.github.com
	Google
vivekdhayaal: vivekdhayaal!gmail.com
	Reliance
viveklak: viveklak!users.noreply.github.com
	Palantir
viveksoundrapandi: viveksoundrapandi!users.noreply.github.com
	ThoughtWorks
vivian: yangweiwei!cmss.chinamobile.com
	China Mobile
vivian zhang: vivianzhang!redhat.com
	Red Hat
vjames-bmc: viju_james!bmc.com
	NotFound
vjayara: vjayara!brocade.com
	Brocade
vjeux: vjeux!fb.com
	Facebook
vjrantal: vjrantal!users.noreply.github.com
	Microsoft
vkedia: vkedia!users.noreply.github.com
	Google
vkez: ezhilan.vk!hpe.com
	HP
vkorjani: vikas.korjani!intel.com
	Intel
vkrayneva: vkrayneva!mirantis.com
	Mirantis
vkuklin: vkuklin!mirantis.com
	Mirantis
vlad-belogrudov: vlad-belogrudov!users.noreply.github.com
	Oracle
vlad-mh: vlad-mh!users.noreply.github.com
	Datadog
vlad-ro: vlad-ro!users.noreply.github.com
	ThoughtWorks
vladik.romanovsky: vladik.romanovsky!enovance.com
	Red Hat
	eNovance until 2014-06-24
vladikr: vladikr!users.noreply.github.com
	Red Hat
vladimir-spotify: vladimir-spotify!users.noreply.github.com
	Spotify
vlal: vlal!users.noreply.github.com
	ContainerSolutions
vlastimil.mikes: vlastimil.mikes!tcpcloud.eu
	tcp cloud
vlerenc: vlerenc!users.noreply.github.com
	SAP
vmattos-ciandt: vmattos-ciandt!users.noreply.github.com
	CI&T
vmb: vmb!vmbrasseur.com
	HP
	HP until 2015-10-31
vmorris: vmorris!users.noreply.github.com
	IBM
vmtocloud: vmtocloud!users.noreply.github.com
	VMware
vnaboichenko: vnaboichenko!mirantis.com
	Mirantis
vnitinv: vnitinv!users.noreply.github.com
	Juniper Networks
vnugent: vnugent!users.noreply.github.com
	Red Hat
volkai: volker.kaiser!googlemail.com
	NotFound
vollschwitz: alexander.vollschwitz!est.fujitsu.com
	Fujitsu
vonsago: vonsago!users.noreply.github.com
	DaoCloud
vorlonofportland: vorlon!debian.org, vorlonofportland!users.noreply.github.com
	Debian
vpassapera: vpassapera!users.noreply.github.com
	LinkedIn
vpbvmw651078: vpbvmw651078!gmail.com
	China Telecom
	Eayun until 2017-12-31
vponomaryov: vponomaryov!mirantis.com
	Red Hat
vpvutharkar: vpvutharkar!ebaysf.com
	eBay
vromanso: vromanso!redhat.com
	Red Hat
	eNovance until 2014-06-24
vrovachev: vrovachev!mirantis.com
	Mirantis
vrv: vrv!users.noreply.github.com
	Independent
vryzhenkin: vryzhenkin!mirantis.com, vryzhenkin!users.noreply.github.com
	Mirantis
vsethi13: vsethi13!users.noreply.github.com
	Cisco
vsharshov: vsharshov!gmail.com
	Mirantis
vsharshov: vsharshov!mirantis.com
	Mirantis
vsinha: vsinha!users.noreply.github.com
	Microsoft
vsjulu: s.varanasi!ssi.samsung.com
	Samsung
vsokolov: vsokolov!hystax.com
	Hystax
vstepurova: vstepurova!hystax.com
	Hystax
vstinner: vstinner!redhat.com
	Red Hat
	eNovance until 2014-06-24
vsubramani: vsubramani!users.noreply.github.com
	Google
vsvastey: vsvastey!gmail.com
	Hystax
vtbassmatt: vtbassmatt!users.noreply.github.com
	Microsoft
vtintillier: vtintillier!users.noreply.github.com
	SAP
vtiwari: vtiwari!walmart.com
	Walmart
vturecek: vturecek!users.noreply.github.com
	Microsoft
vtuson: vtuson!gmail.com, vtuson!users.noreply.github.com
	Bitnami
vuil: vui!vmware.com
	VMware
vvarga: vvarga!inf.u-szeged.hu
	Independent
vvinod1310: vvinod1310!hotmail.com
	NotFound
vvsh: vvsh!users.noreply.github.com
	EPAM
vxavictor513: vxavictor513!users.noreply.github.com
	Accenture
vxlinux: vxlinux!163.com
	ZTE
w.hawari: w.hawari!gmail.com
	Internap
w00228948: wulonghui!huawei.com
	Huawei
w9n: w9n!users.noreply.github.com, w9ncontact!gmail.com
	Independent
	Endocode until 2018-10-01
	Independent until 2018-01-01
waboring: waboring!hemna.com
	IBM
	HP until 2016-10-28
	HP until 2015-10-31
wahengchang: wahengchang!users.noreply.github.com
	Yahoo
waichee: waichee!users.noreply.github.com
	Zendesk
waipengyip: waipengyip!gmail.com
	Independent
waipengyip: waipengyip!yahoo.com
	Independent
walhawari: walhawari!internap.com
	Internap
walimis: walimisdev!gmail.com
	NotFound
walker: walker!suse.cz
	SUSE
wallentx: william.allen!civitaslearning.com
	Bright Health
walter.a.boring: walter.a.boring!ibm.com
	IBM
	HP until 2016-10-28
	HP until 2015-10-31
walter.boring: walter.boring!hpe.com
	IBM
	HP until 2016-10-28
waltfy: waltfy!users.noreply.github.com
	GoCardless
wan-yen.hsu: wan-yen.hsu!hp.com
	HP
	HP until 2015-10-31
wan-yen.hsu: wan-yen.hsu!hpe.com
	HP
wanderanimrod: wanderanimrod!users.noreply.github.com
	ThoughtWorks
wang yan: wangyan!vmware.com
	VMware
wang-junjie: wang-junjie!outlook.com
	H3C
wang.changyu: wang.changyu!zte.com.cn
	ZTE
wang.fang: wang.fang!h3c.com
	H3C
wang.junjiea: wang.junjiea!h3c.com
	H3C
wang.kaifeng2: wang.kaifeng2!zte.com.cn
	ZTE
wang.zengzhi: wang.zengzhi!zte.com.cn
	ZTE
wangYue: tjbwy!163.com
	NetEase
wangbiao: biao.wang!intel.com
	Intel
wangbo: wbwangbo!cn.ibm.com
	EasyStack
	IBM until 2014-12-26
wangchangyu315: wangchangyu315!126.com
	ZTE
wangcong202: wangcong202!163.com
	HFBank
wangdi: di.wang!intel.com
	Intel
wangfang1101: wangfang1101!163.com
	H3C
wangganfu: wangganfu!fiberhome.com
	Fiberhome
wangguang: wang.guang55!zte.com.cn
	ZTE
wangguoliang: liangcszzu!163.com
	NetEase
wanghaibin: wanghaibin.wang!huawei.com
	Huawei
wanghaoran1988: wanghaoran1988!users.noreply.github.com
	Red Hat
wanghh2000: wanghh2000!163.com
	NetEase
wanghong: w.wanghong!huawei.com
	Huawei
wanghua.humble: wanghua.humble!gmail.com
	Huawei
wanghua7: wanghua7!huawei.com
	Huawei
wangj998: wangj998!users.noreply.github.com
	Alibaba
wangjianhe: wangjianhe!chinac.com
	Chinac
wangjunqing: wangjunqing!cmss.chinamobile.com
	China Mobile
wanglei: nkwangleiGIT!users.noreply.github.com, wanglei!tenxcloud.com
	TenxCloud
wanglei5: wanglei5!sinorail.com
	China Railway ITC
wanglei7217: wanglei7217!fiberhome.com
	Fiberhome
wangliangfu: wangliangfu!outlook.com
	UMCloud
wangliangyu: wangliangyu!gohigh.com.cn
	GohighSec
wanglm: wanglm!certusnet.com.cn
	CertusNet
wanglm_openstack: wanglm_openstack!163.com
	CertusNet
wanglong: wanglong!cse.buaa.edu.cn
	cs2c
wangqingcan: denkensk!users.noreply.github.com, wangqingcan!baidu.com
	Baidu
wangqr: wangqr!users.noreply.github.com
	Independent
wangruiyi: wangruiyi!hotmail.com
	Google
wangshaohui: wangshaohui!xiangcloud.com.cn
	XiangCloud
wangshuguang: wangshugaung!inspur.com
	Inspur
wangsongbo*: wangsongbo!cloudin.cn
	Cloudin
wangsongbo*: wangsongbo!unitedstack.com
	UnitedStack
wangweidong: wangweidong1!huawei.com
	Huawei
wangxf: xiaofeix.wang!gmail.com
	Awcloud
wangxf: wangxf!awcloud.com
	Awcloud
wangxinnong: wangxinnong!users.noreply.github.com
	Oracle
wangxiyuan: wangxiyuan!huawei.com
	Huawei
wangxiyuan1007: wangxiyuan1007!gmail.com
	Huawei
wangxu17: wangxu17!lenovo.com
	Lenovo
wangxunbo: wang.xunbo!zte.com.cn
	ZTE
wangxy518: 40482095+wangxy518!users.noreply.github.com
	NotFound
wangy: wangy!rc.inesa.com
	inesa
wangyan*: wangyan122!huawei.com
	Huawei
wangyan*: wy65701436!gmail.com
	VMware
wangyao: wangyao!cmss.chinamobile.com
	China Mobile
wangyaqiang1: wangyaqiang1!jd.com
	Jd.Com
wangye: wangye!awcloud.com
	Awcloud
wangyf2010: wangyf2010!users.noreply.github.com
	eBay
wangyipei01: yipeiw!google.com
	Google
wangyuheng: wangyuheng!sinorail.com
	China Railway ITC
wangyuqing4: wangyuqing4!huawei.com
	Huawei
wangyuwei: wangyuwei!unitedstack.com
	UnitedStack
wangyy: wangyy!winhong.com
	winhong
wangzh21: wangzh21!lenovo.com
	Lenovo
	Awcloud until 2016-06-12
wangzhh: wangzhh!awcloud.com
	Awcloud
wangzy: wangzy!fiberhome.com
	Fiberhome
wanjun.lp: wanjun.lp!alibaba-inc.com
	Alibaba
wardtimx: timothyx.ward!intel.com
	Intel
warent: warent!users.noreply.github.com
	Google
warrenseine: warrenseine!users.noreply.github.com
	Criteo
warroyo: warroyo!users.noreply.github.com
	Pivotal
wasylkowski-a: wasylkowski-a!users.noreply.github.com
	Google
watanabe.isao.openstack: watanabe.isao.openstack!gmail.com
	KDDI
	Fujitsu until 2017-03-31
wattli: taotao12!gmail.com, wattli!users.noreply.github.com
	Google
waynechan76: waynechan76!gmail.com
	Fiberhome
wayofthepie: stephen.obrien4!emc.com, wayofthepie!users.noreply.github.com
	Dell
wbluo: wbluo!fiberhome.com
	Fiberhome
wchrisjohnson: wchrisjohnson!hpe.com
	HP
wdec: wdec!users.noreply.github.com
	Cisco
wdforson: wdforson!users.noreply.github.com
	WP Engine
wdhwang: wdhwang!iii.org.tw
	Institute for Information Industry
weekface: weekface!gmail.com
	PingCAP
wefine: wang.xiaoren!zte.com.cn
	ZTE
weherdh: wehe!redhat.com, weherdh!users.noreply.github.com
	Red Hat
wei xiao: wei.xiao!linaro.org
	Linaro
wei.li: wei.li!easystack.cn
	EasyStack
wei.zhijun: wei.zhijun!99cloud.net
	99cloud
weichuancheng: weichuancheng!hotmail.com
	Inspur
weichuancheng: weichuancheng!inspur.com
	Inspur
weike: weike!awcloud.com
	Awcloud
weike.cs: weike.cs!gmail.com
	Awcloud
weill: weilluo!tencent.com
	Tencent
weinliu: weinliu!users.noreply.github.com
	Red Hat
weinong: weinong!users.noreply.github.com
	Microsoft
weiqian: weiq!dtdream.com
	Dt Dream
weiqiaomiao: wei.qiaomiao!zte.com.cn
	ZTE
weizhanxu: xu.zhanwei!zte.com.cn
	ZTE
wemeya: wemeya!163.com, wemeya!users.noreply.github.com
	NetEase
wenbobao: wenbobao!users.noreply.github.com
	Capgemini
wenchma: wenchma!cn.ibm.com
	IBM
wendwo.hwang: wendwo.hwang!gmail.com
	Institute for Information Industry
weng.jiangang: weng.jiangang!zte.com.cn
	ZTE
wengyanqing: wengyanqing!users.noreply.github.com
	Pivotal
wenhanl: wenhanl!users.noreply.github.com
	Google
wenjgao: wenjgao!ebay.com
	eBay
wenjunhuang: wenjunhuang!tencent.com
	Tencent
wenlock: wenlock!users.noreply.github.com
	GitHub
wenlxie: wenlxie!ebay.com
	eBay
wentalou: wentalou!amd.com
	AMD
wentian: wentian!unitedstack.com
	UnitedStack
wenyan_wang: wenyan_wang!h3c.com
	H3C
wenzheng: wenzheng!users.noreply.github.com
	Ericsson
wenzhi_yu: wenzhi_yu!163.com
	IBM
wes_gurney: wes_gurney!cable.comcast.com
	Comcast
wesbland: wesbland!users.noreply.github.com
	Intel
weshayutin: weshayutin!users.noreply.github.com
	Red Hat
westhood: westhoods!gmail.com
	NotFound
wesyao: wesyao!users.noreply.github.com
	Microsoft
wglambert: w.lambert1031!gmail.com
	NotFound
wgordon17: wgordon17!users.noreply.github.com
	Red Hat
wgui1: guienator!gmail.com, wgui1!users.noreply.github.com
	CloudChef
wh: wh!chinanetcenter.com
	ChinaNetCenter
	Huawei until 2015-04-02
wh-openstack: wh-openstack!wirewd.com
	Cisco
wh-ubuntuone: wh-ubuntuone!wirewd.com
	Cisco
whateverv5: whatever!caicloud.io
	Caicloud
wheelerlaw: wheelerlaw!users.noreply.github.com
	Red Hat
whimboo: whimboo!users.noreply.github.com
	Mozilla
whiskeysierra: whiskeysierra!users.noreply.github.com
	Zalando
white-hat: white-hat!users.noreply.github.com
	AnchorFree
whitel: langdon!redhat.com
	Red Hat
whoisj: whoisj!users.noreply.github.com
	Microsoft
whuisit: whuisit!gmail.com
	Red Hat
	NetApp until 2015-12-11
whummer: whummer!users.noreply.github.com
	Atlassian
whuwxl: whuwxl!users.noreply.github.com
	Tencent
wikier: wikier!users.noreply.github.com
	Amazon
will-weiss: will-weiss!users.noreply.github.com
	Maxwell Health
will.wolf: will.wolf!rackspace.com
	Rackspace
willholley: willholley!users.noreply.github.com
	IBM
williangaspar: williangaspar360!gmail.com
	Sthima
	Independent until 2017-10-01
	SiplanControl until 2015-08-01
willise: sunshuai!cmss.chinamobile.com, willisesun!gmail.com
	KiwiPlan
willkg: willkg!users.noreply.github.com
	Mozilla
willnorris: willnorris!users.noreply.github.com
	Google
willowd878: willowd878!gmail.com
	HFBank
	Huawei until 2015-10-23
willsalz: willsalz!users.noreply.github.com
	Uber
willseeyou: willseeyou!users.noreply.github.com
	Nokia
willvrny: willvrny!users.noreply.github.com
	Apprenda
wilson: wilson.wen.chn!gmail.com, wilsonwen!users.noreply.github.com
	Huawei
wilsonwu: wilsonwu!users.noreply.github.com
	Microsoft
wim.coekaerts: wim.coekaerts!oracle.com
	Oracle
windfarer: windfarer!gmail.com
	DaoCloud
wingwj: wingwj!gmail.com
	Fiberhome
	Huawei until 2016-06-25
wingwj.wu: wingwj.wu!huawei.com
	Fiberhome
	Huawei until 2016-06-25
winjeg: winjeg!users.noreply.github.com
	Independent
winkyao: winkyao!users.noreply.github.com
	PingCAP
winnietsang: winnietsang!users.noreply.github.com
	IBM
winston.d: winston.d!gmail.com
	eBay
	Intel until 2013-06-22
winterTTr: winterTTr!users.noreply.github.com
	Microsoft
winterma.dong: winterma.dong!gmail.com
	HP
	HP until 2015-10-31
winton.liu: 18502523564!163.com
	NetEase
wishacloud: wishacloud!users.noreply.github.com
	Tencent
witoff: witoff!users.noreply.github.com
	NASA
wizard: wizardcxy!126.com
	Alibaba
	Qiniu until 2017-09-08
	Independent until 2016-03-30
wjarek: wjarek!users.noreply.github.com
	Google
wjkohnen: wjkohnen!users.noreply.github.com
	Traum-Ferienwohnungen
wjx1995: weijunxu!ghostcloud.cn
	NotFound
wklken: wklken!users.noreply.github.com
	Tencent
wkqwu: wkqwu!cn.ibm.com
	IBM
wkubiak: wkubiak!users.noreply.github.com, wojtek!pineapple.works
	Cybercom
wl3617: wl3617!qq.com
	cs2c
wlam: wlam!vmware.com
	VMware
wlan0: sid!rancher.com, sidharthamn!gmail.com
	Koki
	Rancher until 2017-03-01
	Yahoo until 2014-11-01
wldandan: wldandan!users.noreply.github.com
	Huawei
wleionly: wleionly!126.com
	China Railway ITC
wmiller: wmiller!cray.com
	Cray
wmlynch: wmlynch!users.noreply.github.com
	IBM
wnegus: wnegus!users.noreply.github.com
	Texas Instruments
wojciechwasko: wojciechwasko!users.noreply.github.com
	NVidia
wojtekt: wojtekt!google.com
	Google
wolfgangihloff: wolfgangihloff!users.noreply.github.com
	Independent
wolfpack: wolfpack!vulk.co
	Vulk
wonil0522: wonil0522!gmail.com
	Samsung
woodliu: woodliu!users.noreply.github.com
	Huawei
woosley.xu: woosley.xu!gmail.com
	Procter&Gamble
	实地地产 until 2017-12-01
	Independent until 2017-08-01
	HSBC Commercial Banking until 2017-06-01
	Demonware until 2016-04-01
woppin: woppin!gmail.com
	Aptira
	Cisco until 2014-01-25
workhardcc: workhardcc!users.noreply.github.com
	Red Hat
worldofprasanna: worldofprasanna!users.noreply.github.com
	ThoughtWorks
woshishui419: woshishui419!126.com
	H3C
woshiyuyafei: woshiyuyafei!126.com
	ZTE
wosunoo: wosunoo!qq.com
	HFBank
wosunoozzy: wosunoozzy!gmail.com
	HFBank
wozz: wozz!users.noreply.github.com
	NotFound
wqlu: wqlu!alauda.io
	Alauda
wrfly: mr.wrfly!gmail.com
	NotFound
wright.elliot: wright.elliot!gmail.com
	Inviqa
wrwg: wrwg!users.noreply.github.com
	Google
wshearn: wshearn!users.noreply.github.com
	Red Hat
wsorenson: wsorenson!users.noreply.github.com
	HubSpot
wsxiaozhang: wsxiaozhang!gmail.com
	Alibaba
wszgxa: wszgxa!users.noreply.github.com
	ThoughtWorks
wtie: wtie!cisco.com
	Cisco
wtritch: wtritchler!fairwaytech.com
	Fairway Technologies
wu: wu.shaoyong!zte.com.cn
	ZTE
wu guoxing: b39297!freescale.com
	Freescale
wu.chunyang: wu.chunyang!99cloud.net
	99cloud
wu.han: wu.han!h3c.com
	H3C
wu.wei266: wu.wei266!zte.com.cn
	ZTE
wu.yongpeng: wu.yongpeng!h3c.com
	H3C
wu.yucheng: wu.yucheng!21viacloud.com
	21viacloud
wu8685: optimuswu8685!gmail.com
	vipshop
wuborush: wuborush!users.noreply.github.com
	EMC
wudx: wudx!awcloud.com
	Awcloud
wudx05: wudx05!gmail.com
	Awcloud
wuerzelchen: wuerzelchen!users.noreply.github.com
	Microsoft
wujian: wujian3659!163.com
	NetEase
wujian: wujian!t2cloud.net
	t2cloud
wujun: wujun!awcloud.com
	Awcloud
wujun8: wujun8!hotmail.com
	NotFound
wulihua: wulihua0!gmail.com
	NotFound
wulonghui: wlh6666!qq.com, wulonghui6666!gmail.com
	ChinaNetCenter
wumingqiao: wumingqiao!inspur.com
	Inspur
wushifu32: mailtowubo!163.com
	NetEase
wutiejun: wutiejun!users.noreply.github.com
	Huawei
wuxiangwei: wuxiangwei!h3c.com
	NotFound
wuxingyi: wuxingyi!letv.com
	Letv Cloud Computing
wuxuelian: wuxuelian!trthi.com
	PingCAP
	NetEase until 2016-12-01
	Jd.Com until 2014-07-01
wuyongpeng163: wuyongpeng163!163.com
	H3C
wuyuting: wuyuting!awcloud.com
	Awcloud
wwatson: watson!preferit.com
	Vulk
wwkeyboard: wwkeyboard!gmail.com
	Rackspace
wwojcik: wwojcik!users.noreply.github.com
	Wojkat
wwpass: opensource!wwpass.com
	NotFound
wwsean08: wwsean08!users.noreply.github.com
	F5Networks
wx6899923: wx6899923!163.com
	Lenovo
wxr930217: wxr930217!gmail.com
	Intel
wy-scm: wy-scm!jd.com
	Jd.Com
wyc: wyc!fastmail.fm, wyc!users.noreply.github.com
	FastMail.FM
wytdahu: wytdahu!gmail.com
	Awcloud
wyukawa: wyukawa!gmail.com, wyukawa!users.noreply.github.com
	LINE
wzh_1993: wzh_1993!126.com
	Awcloud
wzj334965317: wzj334965317!outlook.com
	99cloud
wzt.wzt: wzt.wzt!gmail.com
	NotFound
wzy82522: wzy82522!163.com
	Fiberhome
x-t: x-t!users.noreply.github.com
	Independent
x11562: xie.na!h3c.com
	NotFound
x15zhang: zhangxin82!huawei.com
	Huawei
x7712611430: x7712611430!gmail.com
	inwinSTACK
xasor: diogolima1987!gmail.com
	NotFound
xav.paice: xav.paice!canonical.com
	Canonical
	Catalyst IT until 2016-11-02
xavier-fernandez: xavier-fernandez!users.noreply.github.com
	Amazon
xavierbaude: xavier.baude!adeoservices.com
	ADEO
xavpaice: xavpaice!gmail.com
	Canonical
	Catalyst IT until 2016-11-02
xboudet: xboudet!users.noreply.github.com
	Texas Instruments
xbyan: xbyan!fiberhome.com
	Fiberhome
xchu: xchu!redhat.com
	Red Hat
xdwu: xudongwu!microsoft.com
	Microsoft
xgerman: xgerman!users.noreply.github.com
	Rackspace
xginn8: xginn8!users.noreply.github.com
	NotFound
xgleich1: xgleich1!gmail.com
	ING
	Independent until 2017-10-01
	Inoxio Quality Services GmbH until 2017-07-01
	Independent until 2016-11-01
	Plazz Entertainment AG until 2016-04-01
xgw1989: xgw1989!sina.com
	TiCOMM
xgwang5843: xgwang5843!fiberhome.com
	Fiberhome
xh3b4sd: xh3b4sd!users.noreply.github.com
	Giant Swarm
xh4n3: xh4n3!users.noreply.github.com, xyn1016!gmail.com
	Alibaba
xhh1989: xuhaihua1989!gmail.com
	NotFound
xhzhf: guoyongxhzhf!163.com
	H3C
xi.yang: xi.yang!emc.com
	99cloud
	EMC until 2015-10-16
xiabingyao: xiabingyao!tencent.com
	Tencent
	99cloud until 2017-03-10
xiahaoshawn: haox!vmware.com
	VMware
xiak: xiak!users.noreply.github.com
	EMC
xiakewudixl: xiakewudixl!163.com
	China Railway ITC
xiangpengzhao: zhao.xiangpeng!zte.com.cn
	ZTE
xiangwangfeng: xiangwangfeng!users.noreply.github.com
	NetEase
xiangyu0xf: xiangyu0xf!gmail.com
	NotFound
xianming.mao: xianming.mao!easystack.cn
	EasyStack
xianwei.zw: xianwei.zw!alibaba-inc.com
	Alibaba
xiaobing tu: xiaobing.tu!intel.com
	Intel
xiaobo: xiaobo!awcloud.com
	Awcloud
xiaodongw: xiaodongw!users.noreply.github.com
	Box
xiaofeng: xiaofeng!google.com!630680e5-0e50-0410-840e-4b1c322b438d
	Google
xiaofeng.yan*: xiaofeng.yan!huawei.com
	Huawei
xiaofeng.yan*: yanxiaofeng!inspur.com
	Inspur
xiaohhui123: xiaohhui123!gmail.com
	VMware
	Huawei until 2017-04-30
	IBM until 2016-07-22
xiaojian cai: mc02cxj!gmail.com
	Huawei
xiaojiangfeng: xiaojiangfeng!huawei.com
	Huawei
xiaojiaqi: xiaojiaqi!users.noreply.github.com
	EMC
xiaojing: xiao-jing.zhang2!hpe.com
	HP
xiaojun.liao: xiaojun.liao!eayun.com
	Eayun
xiaoli: xiaoli!sinorail.com
	China Railway ITC
xiaoping378: xiaoping378!163.com
	NetEase
xiaoqiang zhao: zxq_yx_007!163.com
	NetEase
xiaoquqi: xiaoquqi!gmail.com
	PropheTech.cn
	Huron until 2014-03-31
xiaorui hu: xiaorui.hu!linaro.org
	Linaro
xiaost: xiaost7!gmail.com
	NotFound
xiaoy: zs1379!qq.com
	NotFound
xiaoyong.liu: xiaoyong.liu!easystack.cn
	EasyStack
xiaqunfeng: xiaqunfeng!qiniu.com
	Qiniu
xiarnousx: xiarnousx!users.noreply.github.com
	Independent
xibz: xibz!users.noreply.github.com
	Amazon
xichao.liu: xichao.liu!kylin-cloud.com
	Kylin Cloud
xichengliudui: liuduidui!beyondcent.com
	BoCloud
xie xingguo: xie.xingguo!zte.com.cn
	Ceph
xie.taotao: xie.taotao!zte.com.cn
	Independent
	ZTE until 2015-07-10
xie.wenjun2: xie.wenjun2!zte.com.cn
	ZTE
xiechao: xiechao!t2cloud.net
	t2cloud
xiejunan: xiejunan!huawei.com
	Huawei
xiekeyang: xiekeyang!huawei.com
	Independent
	Huawei until 2017-12-01
	Gamelto until 2014-11-01
xiemenger: xiemenger!users.noreply.github.com
	IBM
xiexianbin: xiexianbin!yovole.com
	Yovole
xiexiaozhe: xiexiaozhe!inspur.com
	Inspur
xiezongzhe: xiezongzhe!users.noreply.github.com, zongzhe.xie!daocloud.io
	DaoCloud
xilabao: chenr.fnst!cn.fujitsu.com, xilabao!users.noreply.github.com
	Fujitsu
xin-ran.wang: xin-ran.wang!intel.com
	Intel
xing wei: xing.wei!intel.com
	Intel
xing.yang: xing.yang!dell.com
	Dell
	EMC until 2017-01-31
xing.yang: xing.yang!huawei.com
	Huawei
xingchao: xingchao!polex.com.cn
	PoleX
	UnitedStack until 2016-08-29
xingxingxia: xingxingxia!users.noreply.github.com
	Red Hat
xingzhen: zhengjun.xing!intel.com
	Intel
xinhui pan: xinhui.pan!amd.com
	AMD
xinlu.ge: xinlu.ge!daocloud.io
	DaoCloud
xinma: xinma!users.noreply.github.com
	eBay
xinni.ge: xinni.ge!ntt.com
	NTT
xinni.ge1990: xinni.ge1990!gmail.com
	NTT
xinsnake: me!xyzhou.com
	Bupa Australia
	Digicap Solutions until 2016-12-15
xinwu: xin.wu!bigswitch.com, xinwu!users.noreply.github.com
	Big Switch Networks
xinxin shu: shuxinxin!chinac.com
	Chinac
xitter: xitter!users.noreply.github.com
	Adobe
xiuli2: xiuli2!users.noreply.github.com
	Red Hat
xiuqiao: lxiuqiao!cn.ibm.com
	IBM
xiuqiaoli: xiuqiaoli!users.noreply.github.com
	IBM
xixidodo: xixidodo!users.noreply.github.com
	Samsung
xixuejia: xixuejia!users.noreply.github.com
	IBM
xjewer: xjewer!gmail.com, xjewer!users.noreply.github.com
	CloudFlare
xjl__ljx: xjl__ljx!163.com
	China Railway ITC
xkszltl: xkszltl!users.noreply.github.com
	Microsoft
xnulinu: xnulinu!users.noreply.github.com
	confluentinc
xqxiao: xqren!alauda.io
	NotFound
xstof: xstof!users.noreply.github.com
	Microsoft
xtoddx: xtoddx!gmail.com
	Nebula
xtophs: christoph!bracketangles.net, xtophs!users.noreply.github.com
	Microsoft
xu biao: xubiao.codeyz!gmail.com
	NetEase
xu.hekang: xu.hekang!h3c.com
	H3C
xu_91: xu_91!163.com
	Fiberhome
xu_lyman: xu_lyman!163.com
	HUST
xuanlangjian: xuanlangjian!gmail.com
	VMware
	IBM until 2017-01-06
xuant: xuant!users.noreply.github.com
	Uber
xuao: xuao!awcloud.com
	Awcloud
xubin: bin.a.xu!intel.com
	Intel
xubo245: xubo245!users.noreply.github.com
	Huawei
xuchao: xu.chao!99cloud.net
	99cloud
xuchao: xuchao!chinacloud.com.cn
	China Cloud
xuchenhao001: xu.chenhao!hotmail.com, xuchenhao001!users.noreply.github.com
	Independent
xuchenx: xuchenx!gmail.com
	Tintri
xuchuanbo: xuchuanbo!hotmail.com
	SG.Cloud
xuchuanbo: xuchuanbo!sgitg.sgcc.com.cn
	SG.Cloud
xuelvming: xuelvming!users.noreply.github.com
	Oracle
xueminsu: xuemin.su!intel.com
	Intel
xueshanf: xueshanf!users.noreply.github.com
	Independent
xugang: xugang!sinorail.com
	China Railway ITC
xugangit: xugangit!126.com
	China Railway ITC
xuhj: xuhj!cn.ibm.com
	Intel
	IBM until 2014-11-21
xuhongzhi: xuhongzhi!sgitg.sgcc.com.cn
	SG.Cloud
xuhuilong: xuhuilong!ghostcloud.cn
	Ghostcloud
xujieasd: xujieasd!gmail.com
	NotFound
xulei56: xulei56!chinaunicom.cn
	China Unicom
xunleer: xunleer.li!huawei.com
	Huawei
xunpan: 42633647+xunpan!users.noreply.github.com, panpxpx!cn.ibm.com, xunpan!users.noreply.github.com
	IBM
xurui: xurui!qiniu.com
	Qiniu
xushiwei: xushiwei5!huawei.com
	Huawei
xutao: xutao!t2cloud.net
	t2cloud
xuwei-k: kenji_yoshida!dwango.co.jp
	Dwango
xuxiaojun3: xuxiaojun3!huawei.com
	Huawei
xuxinkun: xuxinkun!gmail.com
	Jd.Com
xuyue12321: xu.yue!hpe.com
	HP
xuzhang: xuzhang.xuzhang!huawei.com
	Huawei
xverges: xverges!users.noreply.github.com
	IBM
xwang98: xwang98!users.noreply.github.com
	Intel
xyan0607: xyan0607!users.noreply.github.com
	Microsoft
xyang: xyang!alum.mit.edu
	Huawei
xyj.asmy: xyj.asmy!gmail.com
	UnitedStack
xyting: xyting!users.noreply.github.com
	Tencent
xyzjerry: xyzjerry!gmail.com
	Fortinet
	Huawei until 2015-04-25
y-maruyama: y-maruyama!tsh-world.co.jp
	TOKYO SYSTEM HOUSE
y00278980: yehui2!huawei.com
	Huawei
y00316549: yangshukui!huawei.com
	Huawei
y2kenny: y2kenny!gmail.com
	NotFound
yaacov: kobi.zamir!gmail.com
	Red Hat
yab277: yab277!my.utsa.edu
	Independent
yac: yac!users.noreply.github.com
	Red Hat
yacovm: yacovm!users.noreply.github.com
	IBM
yacut: roman.rogozhnikov!gmail.com
	REWE Digital GmbH
	cleverbridge until 2017-07-01
yadavparmatma: yadavparmatma!users.noreply.github.com
	ThoughtWorks
yadzhang: yadzhang!users.noreply.github.com
	Tencent
yagnik: yagnik!users.noreply.github.com
	Shopify
yagonobre: nobre.yago!gmail.com, yago.nobre!nubank.com.br
	Nubank
yaguang: yaguang!umcloud.com
	Lenovo
	UMCloud until 2016-12-30
	Mirantis until 2015-11-01
	Canonical until 2015-01-09
yaguang.tang: yaguang.tang!canonical.com
	Lenovo
	UMCloud until 2016-12-30
	Mirantis until 2015-11-01
	Canonical until 2015-01-09
yairogen: yairogen!users.noreply.github.com
	Cisco
yalin wang: yalin.wang2010!gmail.com
	Amazon
	ARM until 2014-09-01
yalogr: yalogr!163.com
	Letv Cloud Computing
	Independent until 2014-08-05
yameiwang: wang.yamei!zte.com.cn
	ZTE
yamenk: dev.yamenk!gmail.com
	NotFound
yan.wei7: yan.wei7!zte.com.cn
	ZTE
yan.zhiwei1: yan.zhiwei1!zte.com.cn
	ZTE
yan_j1213: yan_j1213!126.com
	Facebook
yanan Lee: energylyn!zju.edu.cn
	Independent
yanavlasov: yavlasov!google.com
	Google
yancl: kmoving!gmail.com, yancl!users.noreply.github.com
	Google
yandonggc: yandong!ghostcloud.cn
	NotFound
yang.liu: yang.liu!eayun.com
	Eayun
yang.xi: yang.xi!99cloud.net
	99cloud
	EMC until 2015-10-16
yang.yu: yang.yu!ushow.media
	NotFound
yangbo lu: yangbo.lu!freescale.com
	Freescale
yangerkun: yangerkun!huawei.com
	Huawei
yangfan: fanyang!alauda.io
	Alauda
yanghaichao12*: 33426632!qq.com
	NotFound
yanghaichao12*: yang.haichao!zte.com.cn, yanghaichao12!users.noreply.github.com
	ZTE
yanghongke: yanghongke!huawei.com
	Huawei
yangl900: yangl900!users.noreply.github.com
	Microsoft
yangle: yangle!fiberhome.com
	Fiberhome
yangle: yangle!tenxcloud.com
	TenxCloud
yangsheng: sheng.yang!oracle.com
	Oracle
yangshukui: yangshu!huawei.com
	Huawei
yangt.yun: yangt.yun!chinatelecom.cn
	China Telecom
yangwangxing: yangwangxing!nationsky.com
	NationSky
yangwanli: yangwanli!jd.com
	Jd.Com
yangwenfang: vicky.yangwenfang!huawei.com
	Huawei
yangxiangyu: yangxiangyu!live.cn
	Outlook.com
yangxuanjia: yangxuanjia!jd.com
	Jd.Com
yangxurong: yangxurong!huawei.com
	Huawei
yangyan: yangyanyj!chinamobile.com
	China Mobile
yangzhangxian: yangzhangxian!users.noreply.github.com
	Cisco
yangzhouhan: yangzhouhan!gmail.com
	Google
yangzhouhan: yangzhouhan!users.noreply.github.com
	Google
yanheven: yanheven!gmail.com
	HP
	HP until 2015-10-31
	ChinaNetCenter until 2015-05-31
yanheven: yanheven!qq.com
	HP
	HP until 2015-10-31
	ChinaNetCenter until 2015-05-31
yanhf: yanhf!chinanetcenter.com
	HP
	HP until 2015-10-31
	ChinaNetCenter until 2015-05-31
yankaiz: grayluck!users.noreply.github.com, yankaiz!google.com
	Google
yankcrime: yankcrime!gmail.com
	DataCentred
yankouskia: yankouskia!users.noreply.github.com
	EPAM
yannh: yannh!users.noreply.github.com
	Contentful
yanpeifei: yanpeifei!gohighsec.com
	Independent
	GohighSec until 2017-12-18
yanshen: yanshen!qiniu.com
	Qiniu
yanshi.403: yanshi.403!gmail.com
	Independent
yantang-msft: yantang-msft!users.noreply.github.com
	Microsoft
yanting: yanting!ghostcloud.cn
	Ghostcloud
yanxuean: yan.xuean!zte.com.cn
	ZTE
yanyang1: young.yang!amd.com
	AMD
yanyanqing: yanyanqing!users.noreply.github.com
	PingCAP
yao.xiabing: yao.xiabing!99cloud.net
	Tencent
	99cloud until 2017-03-10
yao.yuan3: yao.yuan3!zte.com.cn
	ZTE
yao3690093: yao3690093!gmail.com
	Tencent
	99cloud until 2017-03-10
yaolujing: yaolujing!huawei.com
	Huawei
yaoyao.xyy: yaoyao.xyy!alibaba-inc.com
	Alibaba
yapeng.wu: yapeng.wu!huawei.com
	Huawei
yapengwu: yapengwu!gmail.com
	Huawei
yaraat: yaraat!gmail.com
	Sberbank
yardensachs: yardensachs!users.noreply.github.com
	SUSE
yarko.tymciurak: yarko.tymciurak!intel.com
	Intel
yarkot1: yarkot1!gmail.com
	Intel
yarntime: yarntime!163.com
	NetEase
yaroslavmt: yaroslavmt!gmail.com
	Sberbank
yash1425: yash1425!users.noreply.github.com
	VMware
yashin: yashin.luo!foxmail.com
	NotFound
yatin.karel: yatin.karel!nectechnologies.in
	Red Hat
	NEC until 2017-04-07
yatinkarel: yatinkarel!gmail.com
	Red Hat
	NEC until 2017-04-07
yatli: yatli!users.noreply.github.com
	Microsoft
yaxinlx: liuxu!asiainfo.com
	亚信科技 AsiaInfo
yazeng: yazeng!users.noreply.github.com
	Microsoft
yazug: yazug!users.noreply.github.com
	Red Hat
ybabenko3: ybabenko3!gmail.com
	Deutsche Telekom
ybizeul: ybizeul!users.noreply.github.com
	NetApp
yboaron: yboaron!users.noreply.github.com
	Red Hat
ye.feng.wen: ye.feng.wen!huawei.com
	Huawei
yeasy: yangbaohua!gmail.com
	Hyperledger
yedongcan: yedongcan!awcloud.com
	Awcloud
yegle: yegle!users.noreply.github.com
	Google
yehudasa: yehudasa!ceph0.dreamhost.com
	DreamHost
yejia: yejia!unitedstack.com
	UnitedStack
yetanotherion: yetanotherion!users.noreply.github.com
	Criteo
yevgen_runts: yevgen_runts!epam.com
	EPAM
yevhenrunts: yevhenrunts!gmail.com
	EPAM
yeya24: ben.ye!daocloud.io, yeya24!users.noreply.github.com
	DaoCloud
yfwangfeng1: yfwangfeng1!jd.com
	Jd.Com
ygormutti: ygormutti!users.noreply.github.com
	Jusbrasil
yhn2nl.2008: yhn2nl.2008!163.com
	Fiberhome
yhua: yhua!vmware.com
	VMware
yhua123: he_feng_yun!126.com
	NotFound
yi.zhihui: yi.zhihui!eisoo.com
	EISOO
yianL: yianL!users.noreply.github.com
	MuleSoft
yidongnan: yidongnan!users.noreply.github.com
	Tencent
yifeng.li: yifeng.li!easystack.cn
	EasyStack
yih.leong.sun: yih.leong.sun!intel.com
	Intel
yihleong: yihleong!gmail.com
	Intel
yihuaz: yihuaz!google.com
	Google
yin.desheng: yin.desheng!zte.com.cn
	ZTE
yin.zheng: yin.zheng!easystack.cn
	Chinac
	EasyStack until 2017-04-24
yin__zheng: yin__zheng!163.com
	Chinac
	EasyStack until 2017-04-24
ying.chen: ying.chen!huawei.com
	Huawei
ying.yunlong: ying.yunlong!zte.com.cn
	ZTE
yingfeicaozhang100527: yingfeicaozhang100527!gmail.com
	CDGCC
yingjun.li: yingjun.li!kylin-cloud.com
	Kylin Cloud
yinshuxun: 18052012746!163.com, shuxun.yin!gmail.com, sxyin!alauda.io
	Alauda
yinyin: yin.yin!cs2c.com.cn
	cs2c
yiqinguo: 468894985!qq.com
	EnnCloud
yissachar: ydradcliffe!gmail.com, yissachar!users.noreply.github.com
	CaseWare
yiwu-arbug: yiwu!pingcap.com, yiwu-arbug!users.noreply.github.com
	PingCAP
yixiaolong: yixiaolong!sgitg.sgcc.com.cn
	SG.Cloud
yixiaolong_2011: yixiaolong_2011!163.com
	SG.Cloud
yixingj: yixingj!vmware.com
	VMware
yixingjia: yixingjia!gmail.com
	VMware
yiyiyaya: 15712974451!163.com, yiyiyaya!users.noreply.github.com
	NetEase
yj2311: yj2311!126.com
	EasyStack
yjl-lgx: liguoxi!ghostcloud.cn
	NotFound
ykarel: ykarel!redhat.com
	Red Hat
	NEC until 2017-04-07
yklausz: yklausz!ippon.fr
	Ippon Technologies
ykoyfman: ykoyfman!users.noreply.github.com
	IBM
ykumbhare: ykumbhare!walmartlabs.com
	Walmart
	Reliance until 2015-10-30
yland: yolandeamate!gmail.com
	Independent
	Outreachy until 2018-03-01
	OpenDayLight until 2017-08-01
	Independent until 2017-05-01
ylf: 1045438139!qq.com
	NotFound
ymikhalenkova: ymikhalenkova!gmail.com
	Hystax
ymizushi: mizushi!gmail.com, ymizushi!users.noreply.github.com
	Dwango
ymorin-orange: ymorin-orange!users.noreply.github.com
	Orange
yngveh: yngve.hansen2!avinor.no
	Avinor
yo.zed: yo.zed!qq.com
	SZZT Electronics.
yobshans: yobshans!users.noreply.github.com
	Red Hat
yocum137: yocum137!users.noreply.github.com
	Red Hat
yoduoy: yoduoy!users.noreply.github.com
	Microsoft
yoga80: yoga80!yahoo.com
	Rackspace
yogesh: ykshirsa!netapp.com, yogi-sagar!users.noreply.github.com
	NetApp
yogesh.srikrishnan: yogesh.srikrishnan!rackspace.com
	Rackspace
yogeshwar.shenoy: yogeshwar.shenoy!ril.com
	Reliance
yoheimuta: yoheimuta!gmail.com
	FreakOut
yokhahn: yokhahn!gmail.com
	NotFound
yolanda.robla-mota: yolanda.robla-mota!hpe.com
	Red Hat
	HP until 2016-06-01
yolinas: yolinas!users.noreply.github.com
	ThoughtWorks
yonexyonex: yonexyonex!icloud.com
	Apple
yong.huang: yong.huang!emc.com
	Dell EMC
yonghengdexin735: zhang.zezhu!zte.com.cn
	ZTE
yonghong-song: ys114321!gmail.com
	NotFound
yongiman: yongiman!gmail.com
	Netmarble
	Samsung until 2016-04-14
yongle.li: yongle.li!gmail.com
	Huawei
	Independent until 2016-10-01
yongni: yongni!google.com, yongni!users.noreply.github.com
	Google
yorammi: yorammi!tikalk.com, yorammi!users.noreply.github.com
	Tikal - Fullstack as a Service
yosefe: yosefe!users.noreply.github.com
	Mellanox
yosefy: yosefy!users.noreply.github.com
	GitHub
yoshi-taka: smokeonthewater222!yahoo.co.jp
	NotFound
yoshigoe: yoshigoe!d-red.jp
	Daikanyama RED
	Rakuten until 2015-04-27
yoshihara: h.yoshihara!everyleaf.com, yoshihara!users.noreply.github.com
	Everyleaf
yoshikado: yoshikado!users.noreply.github.com
	Canonical
youhonglian: honglian.you!daocloud.io, youhonglian!users.noreply.github.com
	DaoCloud
youji: youji!ebay.com
	eBay
youknowriad: youknowriad!users.noreply.github.com
	Automattic
young: Young-ook!users.noreply.github.com, youngook.kim!samsung.com
	Samsung
youngilkim: youngilkim!netmarble.com
	Netmarble
youssefmamdouh: youssefmamdouh!users.noreply.github.com
	Zalando
youyongsong: youyongsong!gmail.com, youyongsong!users.noreply.github.com
	Alauda
yoyozhiyou: helinbo2015!users.noreply.github.com, yoyozhiyou!163.com
	NetEase
ypbao: ypbao!fiberhome.com
	Fiberhome
ypnuaa037: ypnuaa037!126.com
	Fiberhome
yportnov: yportnov!yahoo-inc.com
	Mirantis
yportnova: yportnova!griddynamics.com
	Mirantis
ypraveen: ypraveen!avinetworks.com
	Avi Networks
yqli2016: yqli2016!fiberhome.com
	Fiberhome
yqwang-ms: yqwang-ms!users.noreply.github.com
	Microsoft
yqzhang: yqzhang!users.noreply.github.com
	Independent
yrobla: yrobla!users.noreply.github.com
	Red Hat
yroblamo: yroblamo!redhat.com
	Red Hat
	HP until 2016-06-01
	HP until 2015-10-31
yryndenkova: yryndenkova!hystax.com
	Hystax
ys: ys!users.noreply.github.com
	Heroku
ysboychakov: ysboychakov!mirantis.com
	Mirantis
ysegev: yohais!mellanox.com
	Mellanox
yshahin: yshahin!users.noreply.github.com
	Microsoft
ysimonson: ysimonson!users.noreply.github.com
	pachyderm
ytang: ytang!mirantis.com
	Lenovo
	UMCloud until 2016-12-30
	Mirantis until 2015-11-01
	Canonical until 2015-01-09
yu-kasuya: yu-kasuya!kddilabs.jp
	KDDI
yu.changcai: yu.changcai!99cloud.net
	99cloud
yu.qian: yu.qian!99cloud.net
	99cloud
	UnitedStack until 2018-04-10
yu_qearl: yu_qearl!163.com
	Yunrong Technology
yuan.han: yuan.han!zte.com.cn
	ZTE
yuan.liang: yuan.liang!zte.com.cn
	ZTE
yuananf: yuananf!gmail.com, yuananf!users.noreply.github.com
	Jd.Com
yuanbin.chen: yuanbin.chen!eayun.com
	Eayun
yuanbo: yuanbo_han!163.com
	NetEase
yuanbohan: yuanbo.han!bearyinnovative.com
	NotFound
yuansmin: yuansmin!users.noreply.github.com, yuansmin1!163.com
	NetEase
yuanxiaopei: yuanxiaopei!qiniu.com
	Qiniu
yuchang: yuchang!360.cn
	Qihoo 360 Technology
yudongchen95: xd_ydchen!163.com
	NetEase
yue9944882: 291271447!qq.com, yue9944882!users.noreply.github.com
	Ant Financial
	Xiaohongshu until 2018-06-01
	Microsoft until 2016-11-01
	Ctrip.com until 2016-05-01
	Independent until 2015-11-01
yuelongguang: yuelongguang!le.com
	Letv Cloud Computing
	Independent until 2014-08-05
yuelongguang: yuelongguang!letv.com
	Letv Cloud Computing
	Independent until 2014-08-05
yuexiao-wang: wang.yuexiao!zte.com.cn
	ZTE
yueyongyue: yueyongyue!users.noreply.github.com
	Sina
yueyuquan: yueyuquan!gmail.com
	Independent
yugsuo: yugsuo!gmail.com
	UnitedStack
yui-knk: spiketeika!gmail.com
	NotFound
yuki90: yuki90!users.noreply.github.com
	eBay
yukky37: yukky37!gmail.com
	ADOC International
yuleixiao: 21739034!qq.com
	Huawei
yuli.stremovsky: yuli.stremovsky!huawei.com
	Huawei
yuliyang: yuliyang!cmss.chinamobile.com
	China Mobile
yulng: wei.yang!daocloud.io, yulng!users.noreply.github.com
	DaoCloud
yulong: yulong!cloudcraft.cn
	Independent
	Letv Cloud Computing until 2017-02-28
	Independent until 2014-08-05
yulong10: yulong10!163.com
	H3C
yulongxn: yulongxn!163.com
	H3C
yumeng_bao: yumeng_bao!yahoo.com
	ZTE
yun.shen: yun.shen!hp.com
	HP
	HP until 2015-10-31
yungez: yungez!users.noreply.github.com
	Microsoft
yungezz: yungezz!users.noreply.github.com
	Microsoft
yunl.zheng: yunl.zheng!wise2c.com, yunlzheng!users.noreply.github.com
	Wise2c
yunlingzeng: yunlingzeng!hotmail.com
	Huawei
yunpingzheng: yunzheng!redhat.com
	Red Hat
yuntong.jin: yuntong.jin!intel.com
	Intel
yuntongjin: yuntongjin!gmail.com
	Intel
yupeng: yupeng0921!gmail.com
	NotFound
yupengzte: yu.peng36!zte.com.cn
	ZTE
yuqi huang: frank.ch!foxmail.com, huangyuqi!users.noreply.github.com
	Huawei
yuqi-zhang: yuqi-zhang!users.noreply.github.com
	Red Hat
yura: funny.falcon!gmail.com
	Joom
	Postgres Profesional until 2017-10-01
	Mail.Ru until 2017-03-01
yuriatgoogle: yuriatgoogle!users.noreply.github.com
	Google
yuricamara: yuricamara!users.noreply.github.com
	Independent
yurygoncharuk: yurygoncharuk!users.noreply.github.com
	EPAM
yushan0624: yushan0624!gmail.com
	Alibaba
yushb: yushb!gohighsec.com
	GohighSec
yusuke_higashino: yusuke_higashino!adoc.co.jp
	ADOC International
yutingting: yutingting!yunrongtech.com
	Yunrong Technology
yuuichi-fujioka: yuuichi-fujioka!zx.mxh.nes.nec.co.jp
	NEC
yuval: yuval!brik.org.il
	Huawei
yuval.brik: yuval.brik!huawei.com
	Huawei
yuweichou: yuweichou!iii.org.tw
	Institute for Information Industry
yuweifree: yuweifree!gmail.com
	UnitedStack
yuxcer: yuxcer!126.com
	PoleX
	UnitedStack until 2016-08-29
yuxiang: guo.yong33!zte.com.cn
	ZTE
yuxiangqian: yuxiangqian!users.noreply.github.com
	Google
yuyafei: yuyafei!zte.com.cn
	ZTE
yuyangwang1985: yuyangwang1985!gmail.com
	winhong
yuywz: yuywz!cn.ibm.com
	IBM
yvdinesh: yvdinesh!users.noreply.github.com
	Palantir
ywchang: ywchang!users.noreply.github.com
	ThoughtWorks
ywk253100: ywk253100!163.com
	VMware
yxun: yxun!users.noreply.github.com
	Red Hat
yxyanxue: yxyanxue!users.noreply.github.com
	Google
yydzero: yydzero!users.noreply.github.com
	Pivotal
yyuanyuee: yyuanyuee!163.com
	China Railway ITC
yzen: yzen!users.noreply.github.com
	Mozilla
yzhou79: yzhou79!users.noreply.github.com
	Intel
yì jí: yiji!apache.org, zonghaishang!users.noreply.github.com
	Apache
z-launchpad: z-launchpad!brim.net
	Rackspace
z00189512: abc.zhangliang!huawei.com
	Huawei
z00sts: z00sts!users.noreply.github.com
	2GIS
z8715000: z8715000!126.com
	ChinaNetCenter
zac-nixon: zac-nixon!users.noreply.github.com
	IBM
zach.robinson: zach.robinson!gmail.com
	Pivotal
zachary-trudo: zachary-trudo!users.noreply.github.com
	Intel
zacharysarah: zach!corleissen.com
	CNCF
	GitHub until 2017-06-01
	Rackspace until 2016-03-15
	Moz until 2014-05-15
zachgersh: zachgersh!gmail.com
	Pivotal
zachpuck: zachpuck!users.noreply.github.com, zachpuckett!gmail.com
	Samsung SDS
	Nintex until 2018-05-31
zackbloom: zackbloom!users.noreply.github.com
	CloudFlare
zackchen517: zackchen517!gmail.com
	t2cloud
zakiva: zakiva!users.noreply.github.com
	Red Hat
zalan-axis: zalanb!axis.com
	Axis Communications
zamorano9: zamorano9!gmail.com
	Walmart
zanefisher: zanefisher!gmail.com, zanefisher!users.noreply.github.com
	Independent
zaneli: shun.otani!gmail.com, zaneli!users.noreply.github.com
	Maverick
zanetworker: adel.zalok.89!gmail.com
	SAP
	Adelzaalouk until 2018-08-01
zangmingjie: zangmingjie!corp.netease.com
	NetEase
zanhsieh: zanhsieh!gmail.com
	Independent
zaopuppy: zaopuppy!users.noreply.github.com
	Huawei
zara.zaimeche: zara.zaimeche!codethink.co.uk
	Codethink
zaucy: ezekiel!robotoppression.com, zaucy!users.noreply.github.com
	Changegames
zczhu: zczhu!fiberhome.com
	Fiberhome
zd-cseeman: zd-cseeman!users.noreply.github.com
	Zendesk
zdicesare: zdicesare!users.noreply.github.com
	NotFound
zdj6373: zhang.dongjie!zte.com.cn
	ZTE
zdyu2000: zdyu2000!gmail.com
	Intel
zebrik: zebrik!users.noreply.github.com
	Red Hat
zeenix: zeenix!users.noreply.github.com
	Kinvolk
zeih: zeih!zeih.eu
	Deutsche Telekom
zeke: zeke!sikelianos.com
	npm
zeliard: spacesun!naver.com
	Amazon
zellyn: zellyn!squareup.com
	Square
zeng.jianfang: zeng.jianfang!zte.com.cn
	ZTE
zeng.lulu: zeng.lulu!h3c.com
	H3C
zeng.xianghui: zeng.xianghui!zte.com.cn
	ZTE
zengchen1024: chenzeng2!huawei.com, chenzeng765!163.com, zengchen1024!users.noreply.github.com
	Huawei
zengjia: zengjia!awcloud.com
	Awcloud
zengluul: zengluul!gmail.com
	H3C
zengly: zengly!awcloud.com
	Awcloud
zengtao: prime.zeng!huawei.com
	Huawei
zengyunling: zengyunling!huawei.com
	Huawei
zengyuxing: hzzengyuxing!corp.netease.com
	NetEase
zenlin: linzhinan!huawei.com, zenlinTechnofreak!users.noreply.github.com
	Huawei
zerodivisible: zerodivisible!gmail.com
	Workday
zerosignal0: zerosignal0!users.noreply.github.com
	Microsoft
zeroxkim78: zeroxkim78!gmail.com
	Netmarble
zgdxiaoxiao: zgdxiaoxiao!outlook.com
	NotFound
zh.f: zh.f!outlook.com
	China Telecom
	Eayun until 2017-12-31
zh168654: zhangye.168!163.com
	NetEase
zhan849: zhan849!users.noreply.github.com
	LinkedIn
zhang dongqi: zdq123.hn!163.com
	NetEase
zhang.bailin: zhang.bailin!zte.com.cn
	ZTE
zhang.chao: zhang.chao!99cloud.net
	99cloud
zhang.chuanjin: zhang.chuanjin!h3c.com
	H3C
zhang.haixia: zhang.haixia!h3c.com
	H3C
zhang.hao16: zhang.hao16!zte.com.cn
	ZTE
zhang.jinnan: zhang.jinnan!99cloud.net
	99cloud
zhang.jun3g: zhang.jun3g!zte.com.cn
	ZTE
zhang.shaoman: zhang.shaoman!zte.com.cn
	ZTE
zhang.wei57: zhang.wei57!zte.com.cn
	ZTE
zhang.wenyan3: zhang.wenyan3!zte.com.cn
	ZTE
zhang.yanxian: zhang.yanxian!zte.com.cn
	ZTE
zhang.yongqian: zhang.yongqian!99cloud.net
	99cloud
zhang.yufei: zhang.yufei!99cloud.net
	99cloud
zhang.yujunz: zhang.yujunz!zte.com.cn
	ZTE
zhangbaitong: zhangbaitong!163.com
	NetEase
zhangcan: zhangcan!letv.com
	Letv Cloud Computing
zhangchaolei: creazy_stone!hotmail.com
	Independent
zhangchengfei: zhangchengfei!t2cloud.net
	t2cloud
zhangchi: zhangchi!szzt.com.cn
	SZZT Electronics.
zhangdaolong: zhangdaolong!fiberhome.com
	Fiberhome
zhangdebo: zhangdebo!inspur.com
	Inspur
zhangdianfang: zhangdianfang!huawei.com
	Huawei
zhangdongdong: zhangdongdong!fiberhome.com
	Fiberhome
zhangdongqi: zhangdongqi!qiniu.com
	Qiniu
zhanghailiang: zhang.zhanghailiang!huawei.com
	Huawei
zhanghaoyu7: zhanghaoyu7!huawei.com
	Huawei
zhanghj: zhanghj!gohighsec.com
	GohighSec
zhanghongtao: zhanghongtao!fiberhome.com
	Fiberhome
zhanghongtao0826: zhanghongtao0826!126.com
	Fiberhome
zhanghuaikai: zhanghuaikai!fiberhome.com
	Fiberhome
zhanghuanzhong90: zhanghuanzhong90!gmail.com
	Alibaba
zhanghui: zhanghui!caicloud.io, zhanghuidinah!users.noreply.github.com
	Caicloud
zhangjianfeng: zhangjianfeng!chinac.com
	Chinac
zhangjie*: iamkadisi!163.com, kadisi!users.noreply.github.com
	NetEase
zhangjie*: zhangjie0619!yeah.net
	HNA
zhangjinnan87: zhangjinnan87!gmail.com
	99cloud
zhangjinpeng1987: zhangjinpeng!pingcap.com, zhangjinpeng1987!users.noreply.github.com
	PingCAP
zhangjl: zhangjl!awcloud.com
	Awcloud
zhangjl_cn: zhangjl_cn!qq.com
	Awcloud
zhangjun3: zhangjun3!kingsoft.com
	Kingsoft
zhangjun850: zhangjun850!fiberhome.com
	Fiberhome
	Inspur until 2015-10-22
zhangjun_inspur: zhangjun_inspur!163.com
	Fiberhome
	Inspur until 2015-10-22
zhangleiqiang: zhangleiqiang!gmail.com
	Huawei
zhanglikun: zhanglikun!ghostcloud.cn
	Ghostcloud
zhanglingwei: gadaigadai!users.noreply.github.com, zhanglingwei!jd.com
	Jd.Com
zhanglong: zhanglong!gohighsec.com
	GohighSec
zhangly: zhangly!awcloud.com
	Awcloud
zhangmei.li: zhangmei.li!easystack.cn
	EasyStack
	H3C until 2015-04-20
zhangmin: zhangmin6!huawei.com
	Huawei
zhangmingld: zhang.ming5!zte.com.cn
	ZTE
zhangningmin: zhangningmin!wanda.cn
	Wanda Themed Entertainment
zhangpf: zhangpf!rc.inesa.com
	inesa
zhangqiankun: zhangqiankun!sgitg.sgcc.com.cn
	SG.Cloud
zhangqx2010: zhangqx2010!gmail.com, zhangqx2010!users.noreply.github.com
	GeniusAFC
	Independent until 2016-12-01
zhangrongbin: zhangrongbincool!163.com, zrbcool!users.noreply.github.com
	NetEase
zhangtbj: zhangtbj!users.noreply.github.com
	IBM
zhangwei(Jovi): jovi.zhangwei!huawei.com
	Huawei
zhangwen: zhangwen1!unionpay.com
	China UnionPay
zhangxiaoyu-zidif: zhang.xiaoyu33!zte.com.cn
	ZTE
zhangxiliang: zhangxiliang!cn.fujitsu.com
	Fujitsu
zhangxing: zhangxing!unitedstack.com
	UnitedStack
zhangyang9: zhangyang9!hfbank.com.cn
	HFBank
zhangyanxianmail: zhangyanxianmail!163.com
	ZTE
zhangyanying: zhangyanying!inspur.com
	Inspur
zhangyf: zhangyf!rc.inesa.com
	inesa
	99cloud until 2017-04-24
zhangyi (F): yi.zhang!huawei.com
	Huawei
zhangyifan: zhangyifan!fiberhome.com
	Fiberhome
zhangyuanyou: zhangyuanyou!huawei.com
	Huawei
zhangyue: zy675793960!yeah.net
	NotFound
zhangyujun: yujun.zhang!easystack.cn
	EasyStack
	ZTE until 2016-09-23
zhangyujun+zte: zhangyujun+zte!gmail.com
	ZTE
zhao.kaia: zhao.kaia!h3c.com
	H3C
zhao1980ming: zhao1980ming!163.com
	NetEase
zhaohua.zhao: zhaohua.zhao!huawei.com
	Huawei
zhaohuabing: zhaohuabing!gmail.com, zhaohuabing!users.noreply.github.com
	ZTE
	Oracle until 2016-04-01
	ZTE until 2014-11-01
zhaokun: jswps2011!163.com
	NetEase
zhaolijun: zhaolijun!awcloud.com
	Awcloud
zhaoqin: zhaoqin!cn.ibm.com
	IBM
zhaorenming: zhaorenming!inspur.com
	Inspur
zhaowei7146: zhaowei7146!fiberhome.com
	Fiberhome
zhaoxpZTE: zhaoxpZTE!users.noreply.github.com
	Google ZTE
zhaoyi: zhaoyi!cmss.chinamobile.com
	China Mobile
zhaoyi44: zhaoyi44!hotmail.com
	China Mobile
zhaoyunfeng: zhaoyunfeng!fiberhome.com
	Fiberhome
zhaozhiming: kingzzm1982!sina.com
	Sina
zheng.hongzhe32: zheng.hongzhe32!zte.com.cn
	ZTE
zheng.li: zheng.x.li!oracle.com
	Oracle
zheng.yao1: zheng.yao1!zte.com.cn
	ZTE
zheng.zhijian: zheng.zhijian!zte.com.cn
	ZTE
zhengbin: zhengbin13!huawei.com
	Huawei
zhengchuan hu: zhengchuan.hu!easystack.cn
	EasyStack
zhengguangou: zhengguangou!gmail.com
	Huawei
zhengguoyong: zhenggouyong.zheng!huawei.com
	Huawei
zhenghaibo1008: zhenghaibo1008!users.noreply.github.com
	Huawei
zhenghuiwang: zhenghuiwang!users.noreply.github.com
	Google
zhengjiajin: 393926893!qq.com, zhengjiajin!caicloud.io, zhengjiajin2016!gmail.com
	Caicloud
zhengliang: zhengliang6!huawei.com
	Huawei
zhengsheng: zhengsheng!awcloud.com
	Awcloud
zhenguo: zhenguo!unitedstack.com
	Huawei
	UnitedStack until 2014-09-14
zhengwei6082: zhengwei6082!fiberhome.com
	Fiberhome
zhengy23: zhengy23!163.com
	ZTE
zhengyin: zhengyin!chinac.com
	Chinac
	EasyStack until 2017-04-24
zhengyue: zhengyue!hihuron.com
	PropheTech.cn
	Huron until 2014-03-31
zhengyue: zhengyue!prophetech.cn
	PropheTech.cn
	Huron until 2014-03-31
zhengyuyu: nuistzyy!gmail.com
	NotFound
zhengzhengyu: zhengzhengyu!huawei.com
	Huawei
zhengzhenyu: zhengzhenyu!huawei.com
	Huawei
zhengzhenyulixi: zhengzhenyulixi!gmail.com
	Huawei
zhenqin: zhenqin!cisco.com
	Cisco
zheolong: zheolong!github.com, zheolong!users.noreply.github.com
	GitHub
zherman0: zherman0!users.noreply.github.com
	Red Hat
zhesi.huang: huangzhesi!gamil.com
	NotFound
zhexuany: yangzhexuan!pingcap.com, zhexuany!gmail.com, zhexuany!users.noreply.github.com
	PingCAP
zhhsng: zhhsng!gmail.com
	EasyStack
	IBM until 2015-10-23
zhhuabj: zhhuabj!cn.ibm.com
	Canonical
	IBM until 2014-05-23
zhi-qiang.fan: zhi-qiang.fan!hp.com
	HP
	HP until 2015-10-31
	Huawei until 2015-06-05
zhi-qiang.fan: zhi-qiang.fan!hpe.com
	HP
	Huawei until 2015-06-05
zhichang.yuan: zhichang.yuan!linaro.org
	Linaro
zhiguo.lee: zhiguo.lee!foxmail.com
	Fiberhome
zhihai.song: zhihai.song!easystack.cn
	EasyStack
	IBM until 2015-10-23
zhihui wu: wu.zhihui1!zte.com.cn, zhihuiwu!users.noreply.github.com
	ZTE
zhihui.shi: zhihui.shi!easystack.cn
	EasyStack
zhiteng.huang: zhiteng.huang!intel.com
	eBay
	Intel until 2013-06-22
zhithuang: zhithuang!ebaysf.com
	eBay
	Intel until 2013-06-22
zhiyanl: zhiyanl!cn.ibm.com
	IBM
zhong jiang: zhongjiang!huawei.com
	Huawei
zhongchiyu: CatTail!users.noreply.github.com, zhongchiyu!gmail.com
	adRise
zhongguo zhao: zhao_zhong_guo!sina.com
	Sina
zhongjianxin: jianxin_home!163.com
	NetEase
zhongjun2: zhongjun2!users.noreply.github.com
	Huawei
zhonglin6666: zhangzhonglin1!jd.com
	Jd.Com
zhongshengping: zhongshengping!kylinos.cn
	Kylin Cloud
zhongyi-zhang: zhongyi-zhang!users.noreply.github.com
	Microsoft
zhou.bin9: zhou.bin9!zte.com.cn
	ZTE
zhou3r: zhou3r!gmail.com
	Compuware
zhouhaibing089: haibzhou!ebay.com, zhouhaibing089!gmail.com
	eBay
zhouhao: q384566678!users.noreply.github.com, zhouhao!cn.fujitsu.com
	FNST
zhouhy: zhouhy!awcloud.com
	Awcloud
zhoujian: jianx.zhou!intel.com
	Intel
zhoujianming: zhoujianming!h3c.com
	H3C
zhoujm_cri: zhoujm_cri!hotmail.com
	H3C
zhoulin xie: JoeWrightss!users.noreply.github.com, zhoulin.xie!daocloud.io
	DaoCloud
zhoumo: zhoumo!fiberhome.com
	Fiberhome
zhouwei.wh: zhouwei.wh!awcloud.com
	Awcloud
zhouyunfeng: zhouyunfeng!inspur.com
	Inspur
zhqk1234567: zhqk1234567!126.com
	SG.Cloud
zhsun: zhsun!fiberhome.com
	Fiberhome
zhsyourai: zhsyourai!163.com
	NetEase
zhu.bingbing: zhu.bingbing!99cloud.net
	99cloud
zhu.gaoxiao: zhu.gaoxiao!h3c.com
	H3C
zhu.rong1: zhu.rong1!zte.com.cn
	ZTE
	99cloud until 2016-12-15
zhu.shiping: zhu.shiping!zte.com.cn
	ZTE
zhu.xuanlong: zhu.xuanlong!zte.com.cn
	ZTE
zhu.xuanpeng: zhu.xuanpeng!zte.com.cn
	ZTE
zhu.zeyu: zhu.zeyu!zte.com.cn
	ZTE
zhuangfeiran: zhuangfeiran!ict.ac.cn
	ICT
zhuangxc89: zhuangxc89!163.com
	NetEase
zhuangzh: zhuangzh!awcloud.com
	Awcloud
zhubingbing: zhubingbing10!gmail.com
	99cloud
zhugaoxiao: zhugaoxiao!gmail.com
	H3C
zhuhq: zhuhq!certusnet.com.cn
	CertusNet
zhujian7: zhujian!caicloud.io
	Caicloud
zhuli: zhuli27!huawei.com
	Huawei
zhuyan: yanzhu!alauda.io
	Alauda
zhuzeng: zhuzeng!users.noreply.github.com
	Amazon
zhuzeyu0409: zhuzeyu0409!gmail.com
	ZTE
ziad: ziad!sawalha.com
	Rackspace
ziad.sawalha: ziad.sawalha!rackspace.com
	Rackspace
zigmax: zig_max!hotmail.com, zigmax!users.noreply.github.com
	Coveo
zigo: zigo!debian.org
	Mirantis
	GPLHost until 2014-09-01
zihantang-rh: zihantang-rh!users.noreply.github.com
	Red Hat
zijun_hu: zijun_hu!htc.com
	NotFound
zinoviev.ii: zinoviev.ii!gmail.com
	Sberbank
ziyadbasheer: ziyadbasheer213!gmail.com
	Building of
zj_ren8: zj_ren8!163.com
	NetEase
zjgoodman: zjgoodman!users.noreply.github.com
	IBM
zjkyz8: zjkyz8!users.noreply.github.com
	ThoughtWorks
zjs: zjs!users.noreply.github.com
	VMware
zjwzte: zhao.jianwei!zte.com.cn, zjwzte!users.noreply.github.com
	ZTE
zjx-immersion: zjx-immersion!users.noreply.github.com
	ThoughtWorks
zlim: zlim.lnx!gmail.com
	Cavium
	Broadcom until 2016-12-01
zmarano: zmarano!users.noreply.github.com
	Google
zmhassan: zmhassan!users.noreply.github.com
	Red Hat
zmicier: dzmitrykashlach!gmail.com
	BlazeMeter
zmj1981123: zmj1981123!163.com
	SZZT Electronics.
zoncoen: zoncoen!gmail.com
	NotFound
zongyimin600: zongyimin600!gmail.com
	Independent
	GohighSec until 2017-12-18
zootalures: zootalures!users.noreply.github.com
	Oracle
zou sheng: zousheng!users.noreply.github.com, zouyu12344444!126.com
	Qunar
	EaseMob until 2017-11-01
zouhaisong: zouhaisong!users.noreply.github.com
	ThoughtWorks
zoukeke: zoukeke!cmss.chinamobile.com
	China Mobile
zouyee: zounengren!cmss.chinamobile.com, zouyee1989!gmail.com
	China Mobile
zpencer: spencerfang!google.com, zpencer!users.noreply.github.com
	Google
zqinit: zqinit!gmail.com
	Cisco
zqm19941101: qinmou.zhang!daocloud.io, zqm19941101!users.noreply.github.com
	DaoCloud
zqzhang: zqzhang!fiberhome.com
	Fiberhome
zr-hebo: zrhebo!gmail.com
	NotFound
zrob: zrob!users.noreply.github.com
	Pivotal
zshaik: shaikzillani!gmail.com, zillani!users.noreply.github.com
	Hyderabad
zshi-redhat: zshi-redhat!users.noreply.github.com
	Red Hat
zsl6658: zsl6658!126.com
	Fiberhome
zsolt-keseru-epam: zsolt-keseru-epam!users.noreply.github.com
	EPAM
zsurocking: zsurocking!users.noreply.github.com
	Google
ztang: ztang!hnu.edu.cn
	Independent
ztczll: 243290414!qq.com
	NotFound
ztehypervisor: ztehypervisor!zte.com.cn
	ZTE
ztewyk: 10110918!zte.com.cn
	ZTE
zuohuasun: zuohuasun!gmail.com
	Fiberhome
zuozheng.hzz: zuozheng.hzz!alibaba-inc.com
	Alibaba
zutherb: zutherb!users.noreply.github.com
	Codecentric AG
zuul: zuul!openstack.org
	(Robots)
zuul: zuul!zuul.openstack.org
	(Robots)
zuyu: zzhang!pivotal.io
	Pivotal
zwang001: zwang001!users.noreply.github.com
	Independent
zwhe: zwhe!fiberhome.com
	Fiberhome
zxgao: zxgao!fiberhome.com
	Fiberhome
	Fujitsu until 2017-02-17
zxhdaniel: zxhdaniel!users.noreply.github.com
	NetEase
zxiong: zxiong!dhcp-8-145.nay.redhat.com
	Red Hat
zxxa: zxDiscovery!users.noreply.github.com, zxxa!cn.ibm.com
	IBM
zycbobby: zycbobby!users.noreply.github.com
	NetEase
zzchun: zzchun!users.noreply.github.com
	Independent
zzh8829: zzh8829!users.noreply.github.com
	Google
zzj123389602: zzj123389602!gmail.com
	Awcloud
zzorba: zzorba!users.noreply.github.com
	Teachers Pay Teachers
Àbéjídé Àyodélé: abejideayodele!gmail.com
	Buvz Communications
Ács Sándor: acs.sandor!ustream.tv
	Ustream
Álex González: agonzalezro!gmail.com
	jobandtalent
Álvaro Fernández Rojas: noltari!gmail.com
	Airbus
	Orbital until 2017-06-01
	Independent until 2017-03-01
	Airbus until 2017-01-01
	Independent until 2015-03-01
Ángel M: angelmmiguel!users.noreply.github.com
	Bitnami
	redBorder until 2016-05-01
	Independent until 2014-06-01
Éamonn McManus: eamonn!mcmanus.net
	Google
Édouard Thuleau: edouard.thuleau!cloudwatt.com
	Juniper Networks
	Cloudwatt until 2016-02-29
	Orange until 2013-01-31
Éric Piel: piel!delmic.com
	DELMIC
Örjan Percy: orjan.percy!sonymobile.com
	Sony Mobile Communications
Özgür Caner: oc!teuto.net
	teuto.net Netzdienste GmbH
Ørjan Eide: orjan.eide!arm.com
	ARM
Øyvind Harboe: oyvind.harboe!zylin.com
	Ascenium
	Zylin AS until 2017-01-01
Øyvind Ingebrigtsen Øvergaard: oyvind.overgaard!gmail.com
	FINN.no
	Knowit until 2015-08-15
Øyvind Ødegård: oyvind.odegaard!sparebank1.no
	SpareBank
Þórhallur Sverrisson: toti!toti.is
	TOTI TRUST
įoнииγ įoнииγ: john!dewey.ws
	Cisco
	AT&T until 2013-08-30
Łukasz Daniluk: lukasz.daniluk!intel.com
	Intel
Łukasz Gryglicki: lgryglicki!cncf.io
	CNCF
	Spreemo until 2017-03-15
	Cleverstep until 2015-11-20
	Societe Generale until 2014-04-15
	Cleverstep until 2013-10-15
	IGF PAN Hornsund Expedition until 2012-08-01
	Innsoft until 2011-06-15
	Independent until 2006-03-01
Łukasz Jernaś: deejay1!srem.org
	Allegro
Łukasz Marchewka: 4618983+lukaszmarchewka!users.noreply.github.com, LukaszMarchewka!users.noreply.github.com
	Scalac
Łukasz Mierzwa: l.mierzwa+github!gmail.com
	NotFound
Łukasz Oleś: lukaszoles!gmail.com
	Mirantis
Łukasz Osipiuk: lukasz!osipiuk.net, lukaszos!google.com
	Google
	Starburst until 2018-03-01
	Teradata until 2017-08-01
	Hadapta until 2014-07-01
Łukasz Stelmach: l.stelmach!samsung.com
	Samsung
Łukasz Strzałkowski: lukasz.strzalkowski!gmail.com
	Square
Őry, Máté: orymate!ubuntu.com
	Ubuntu
Šimon Lukašík: isimluk!fedoraproject.org, isimluk!users.noreply.github.com
	Red Hat
Александр Костырев: kostyrev!users.noreply.github.com
	NotFound
Михаил Кринкин: krinkin.m.u!gmail.com
	Google
	Independent until 2017-07-01
Фомин Андрей Николаевич: annfomin.sbt!sberbank.ru
	Sberbank
どら: dora!dora-gt.jp, dora-gt!users.noreply.github.com
	DeNA
临寒: linhan.wx!taobao.com, truebit!users.noreply.github.com
	Taobao
于志鹏: yuzp1996!qq.com
	Alauda
刘旭: liuxu623!gmail.com
	CreditEase
包梦江: baomengjiang!caicloud.io
	Caicloud
吴晟 Wu Sheng: wu.sheng!foxmail.com
	SkyWalking
唐飞雄 (twitter @tangfx): tangfx128!gmail.com
	Independent
安正超: anzhengchao!gmail.com
	Sina Weibo
尤晓杰: yxj790222!163.com
	NetEase
帝俊: baofa.fan!daocloud.io
	DaoCloud
张君: zjn77777!163.com
	NetEase
旷淇元: me!simonkuang.com, simonkuang!users.noreply.github.com
	zbj.com
明扬: my!famer.me
	Nadileaf
李强: liqiang6-s!360.cn
	Qihoo 360 Technology
杜少博: dushaobo!360.cn
	Qihoo 360 Technology
柯豪: kehao95!gmail.com
	Independent
欧林宝: oulinbao!jd.com, oulinbao!users.noreply.github.com
	Jd.Com
焦龙*: jiaolong!meitu.com
	NotFound
焦龙*: jiaolongdy!163.com, jl2005!users.noreply.github.com
	NetEase
王(Wang): ooocamel!icloud.com, ptux!users.noreply.github.com
	Apple
田传武: dev!goodow.com
	Tencent
疯魔慕薇: kfanjian!gmail.com, kofj!users.noreply.github.com
	TVMining
	Independent until 2015-04-01
	HBM until 2014-07-01
石磊: shilei-c!360.cn
	Qihoo 360 Technology
蒲俊奇10138035: 10138035!zte.com.cn
	ZTE
蔡正龙: zhenglong.cai!cs2c.com.cn
	cs2c
袁伟: yuanwei3-iri!360.cn
	Qihoo 360 Technology
许海华: 857291688!qq.com
	NotFound
郭旭星Astrum Kuo: guoxuxing!wandoujia.com
	NotFound
郭永刚: guoyonggang!360.cn
	Qihoo 360 Technology
陈杨文: wenermail!gmail.com
	NotFound
陈潮兵: chenchaobing!126.com
	Meitu
马文霜: kevinnma!tencent.com
	Tencent
鳥井 雪: yakitorii!users.noreply.github.com, yuki.torii.23!gmail.com
	Universal Bank
김경산: ks0204.kim!samsung.com
	Samsung
남영민: youngmin.nam!samsung.com
	Samsung
최동호: wisdomcdh!gmail.com
	NotFound
추지호: jiho.chu!samsung.com
	Samsung
