name,company,login
Brian Grant,Google,bgrant0607
Brendan Burns,Microsoft,brendandburns
Brandon Philips,Red Hat,philips
Sarah Novotny,Google,sarahnovotny
Joe Beda,Heptio,jbeda
Clayton Coleman,Red Hat,smarterclayton
Tim Hockin,Google,thockin
Aaron Crickenberger,Samsung SDS,spiffxp
Derek Carr,Red Hat,derekwaynecarr
Michelle Noorali,Microsoft,michelleN
Philip Wittrock,Google,pwittrock
Quinton Hoole,Huawei,quinton-hoole
Timothy St. Clair,Heptio,timothysc
Brian Brazil,Robust Perception,brian-brazil
Fabian Reinarz,Red Hat,fabxc
Julius Volz,Prometheus Consulting,juliusv
Bas van Beek,Zipkin,basvanbeek
Ben Sigelman,LightStep,bhs
Chris Erway,TraceView,cce
Pavol Loffay,Red Hat,pavolloffay
Yuri Shkuro,Uber,yurishkuro
Fabian Lange,Instana,CodingFabian
Erika Arnold,New Relic,erabug
Emanuele Palazzetti,DataDog,palazzem
Wu Sheng,SkyWalking,wu-sheng
Sadayuki Furuhaski,Treasure Data,frsyuki
Masahiro Nakagawa,Treasure Data,repeatedly
Kiyoto Tamura,Treasure Data,kiyoto
Kazuki Ohta,Treasure Data,kzk
"Satoshi ""Moris"" Tagomori",Treasure Data,tagomoris
Eduardo Silva,Treasure Data,edsiper
John Belamaric,Infoblox,johnbelamaric
Manuel Alejandro de Brito Fontes,Soficom,aledbf
Miek Gieben,Google,miekg
Chris O'Haver,Infoblox,chrisohaver
Yong Tang,Infoblox,yongtang
Michael Crosby,Docker,crosbymichael
Daniel Dao Quang Minh,CloudFlare,dqminh
Derek McGowan,Docker,dmcgowan
Phil Estes,IBM,estesp
Qiang Huang,Huawei,hqhq
John Howard,Microsoft,jhowardmsft
Kenfe-Mickaël Laventure,Tesla,mlaventure
Stephen Day,Docker,stevvooe
Akihiro Suda,NTT,AkihiroSuda
Abhinandan Prativadi,Docker,abhi
Dawn Chen,Google,dchen1107
Lantao Liu,Google,Random-Liu
Mike Brown,IBM,mikebrow
Yu-Ju Hong,Google,yujuhong
Alban Crequy,Kinvolk,alban
Brandon Philips,Red Hat,philips
Casey Callendrello,Red Hat,squeed
Derek Gonyeo,Red Hat,dgonyeo
Euan Kemp,Red Hat,euank
Iago López Galeiras,Kinvolk,iaguis
Jonathan Boulle,Red Hat,jonboulle
Krzesimir Nowak,Kinvolk,krnowak
Luca Bruno,Red Hat,lucab
Sergiusz Urbaniak,Red Hat,s-urbaniak
Yifan Gu,Red Hat,yifan-gu
Varun Talwar,Google,zinuga
Abhishek Kumar,Google,a11r
Kailash Sethuraman ,Google,hsaliak
Jayant Kolhe,Google,jayantkolhe
April Kyle Nassi,Google,thisisnotapril
Oliver Gould,Buoyant,olix0r
Alex Leong ,Buoyant,dleong
Risha Mars,Buoyant,rmars
William Morgan,Buoyant,wmorgan
Bryan Boreham,Weaveworks,bboreham
Casey Callendrello,Red Hat,squeed
Dan Williams ,Red Hat,dcbw
Gabe Rosenhouse ,Pivotal,rosenhouse
Stefan Junker,Red Hat,steveeJ
Matt Dupre,Tigera,matthewdupre
Matt Klein,Lyft,mattklein123
Harvey Tuch,Google,htuch
Constance Caramanolis,Lyft ,ccaraman
Jose Nino,Lyft,junr03
Dan Noé,Google,dnoe
Alyssa Wilk,Google,alyssawilk
Daniel Hochman,Lyft,danielhochman
Stephan Zuercher,Turbine Labs,zuercher
Greg Greenway,Apple,ggreenway
Yuri Shkuro,Uber,yurishkuro
Won Jun Jang,Uber,black-adder
Prithvi Raj,Uber,vprithvi
Pavol Loffay,Uber,pavolloffay
Vladimir Diaz,NYU,vladimir-v-diaz
Sebastien Awwad,NYU,awwad
Lukas Puehringer,NYU,lukpueh
Justin Cappos,NYU,JustinCappos
Hu Keping,Huawei,HuKeping
David Lawrence,Docker,endophage
Nathan McCauley,Docker,NathanMcCauley
Ying Li,Docker,Cycli
Diogo Monica,Docker,diogomonica
Evan Cordell,Red Hat,ecordell
Riyaz Faizullabhoy,Docker,riyazdf
Bassam Tabbara ,Upbound,bassam
Jared Watts ,Quantum,jbw976
Travis Nielsen ,Quantum,travisn
Alain Jobart ,YouTube,alainjobart 
Anthony Yeh,Google,enisoc
Michael Berlin,Google,michael-berlin
Michael Demmer,Slack,demmer
Sugu Sougoumarane,PlanetScale,sougou
Colin Sullivan,Synadia,ColinSullivan1
Derek Collison,Synadia,derekcollison
Ivan Kozlovic,Synadia,kozlovic
Alberto Ricart,Synadia,aricart
Waldemar Quevedo,Synadia,wallyqs
Ginger Collison,Synadia,gcolliso
Paulo Pires,,pires
Emiliano Berenbaum,Scytale,y2bishop2y
Evan Gilman,Scytale,evan2645
Jon Debonis,Blend,jones
Joseph Beda,Heptio,jibed
Mark Lakewood,Twilio,lakewood
Justin Burke,Google,justinburke
Matt Moyer,Heptio,mattmoyer
Jeyappragash JJ,,pragashj
David Langhorst,Scytale,drrt
Evan Gilman,Scytale,evan2645
Madhukesh Wali,Scytale,walmav
Agustin Fayo,Scytale,amartinezfayo
Martín Capello,Scytale,martincapello
Marcos Yacob,Scytale,marcosdy
Tim Hinrichs,Styra,timothyhinrichs
Torin Sandall,Styra,tsandall
