(Unknown)	ross!smithii.com	Ross Smith II	105
(Unknown)	jakub.borys!gmail.com	Jakub Borys	56
(Unknown)	pierre.reimertz!gmail.com	Pierre Reimertz	30
(Unknown)	mikesir87!gmail.com	Michael Irwin	22
(Unknown)	g2p.code!gmail.com	Gabriel	21
(Unknown)	film42!gmail.com	Garrett T	21
(Unknown)	lizebang.china!gmail.com	Li Zebang	19
(Unknown)	m.gass!babiel.com	Maximilian Gaß	17
(Unknown)	ian!ianduffy.ie	Ian Duffy	17
(Unknown)	midnightconman!gmail.com	Jon Campbell	17
(Unknown)	adamkshannon!gmail.com	Adam Shannon	14
(Unknown)	tahia.khan!gmail.com	Tahia Khan	13
(Unknown)	awilliams!alexwilliams.ca	Alex Williams	12
(Unknown)	nate.bwangsut!gmail.com	Nate Bhurinat Wangsutthitham	11
(Unknown)	gotcha!bubblenet.be	Godefroid Chapelle	11
(Unknown)	inbox!marshallford.me	Marshall Ford	9
(Unknown)	me!chrismorgan.info	Chris Morgan	9
(Unknown)	petr.ruzicka!gmail.com	Petr Ruzicka	9
(Unknown)	n!nirf.de	Nick Erdmann	9
(Unknown)	wadahiro!gmail.com	Hiroyuki Wada	8
(Unknown)	rob!sarcasticadmin.com	Robert James Hernandez	8
(Unknown)	davidy!funkypenguin.co.nz	David Young	8
(Unknown)	richard.elling!richardelling.com	Richard Elling	8
(Unknown)	lindztr!gmail.com	Anton Lindström	8
(Unknown)	illya.chekrygin!gmail.com	Illya Chekrygin	8
(Unknown)	themistymay!gmail.com	Mike May	8
(Unknown)	josh!wealthfront.com	Josh Toft	7
(Unknown)	tim!spotahome.com	Tim Jones	7
(Unknown)	patrick.robinson!envato.com	Patrick Robinson	7
(Unknown)	minhdanh!users.noreply.github.com	Minh Danh	7
(Unknown)	seyvet!yahoo.com	baboune	7
(Unknown)	steffen!wind0r.de	Steffen Windoffer	7
(Unknown)	3137106+m-okeefe!users.noreply.github.com	Megan O'Keefe	7
(Unknown)	nick!expo.io	Nick Novitski	7
(Unknown)	bege13mot!gmail.com	Ivan Voronchihin	7
(Unknown)	npalash25!gmail.com	Palash Nigam	6
(Unknown)	justin!techadvise.com	Justin Ellison	6
(Unknown)	axel.huebl!plasma.ninja	Axel Huebl	6
(Unknown)	folyga!gmail.com	Vladimir Gordiychuk	6
(Unknown)	k1.hedayati93!gmail.com	Keyvan Hedayati	6
(Unknown)	marcel!beck.im	Marcel Beck	6
(Unknown)	hello!gerred.com	Gerred Dillon	6
(Unknown)	jaygkamat!gmail.com	Jay Kamat	6
(Unknown)	mwarkentin!gmail.com	Michael Warkentin	6
(Unknown)	hintsss!gmail.com	hintss	6
(Unknown)	chris!chrisshort.net	Chris Short	6
(Unknown)	philip!pmallory.com	Philip Mallory	6
(Unknown)	paunyh!signicat.com	Paul Nyheim	6
(Unknown)	mdoeswijk!gmail.com	Mark Doeswijk	6
(Unknown)	robgraham1984!gmail.com	Rob Graham	6
(Unknown)	steven!ceriously.com	Steven	6
(Unknown)	elmas.ferhat!gmail.com	ferhat elmas	6
(Unknown)	ralf+github!ackstorm.de	Ralf Horstmann	6
(Unknown)	amye!users.noreply.github.com	Amye	5
(Unknown)	summerwind.jp!gmail.com	Moto Ishizawa	5
(Unknown)	majunjiev!gmail.com	imjoey	5
(Unknown)	cynipe!gmail.com	cynipe	5
(Unknown)	contact!emersion.fr	emersion	5
(Unknown)	frankensteinbot!gmail.com	ReadmeCritic	5
(Unknown)	devel!etsukata.com	Eiichi Tsukata	5
(Unknown)	coryan!users.noreply.github.com	Carlos O'Ryan	5
(Unknown)	pascal!borreli.com	Pascal Borreli	5
(Unknown)	dmitriy.kozlovskiy!onix-systems.com	Dmytro Kozlovskyi	5
(Unknown)	isindir!users.sourceforge.net	isindir	5
(Unknown)	dblancoit!gmail.com	Dario Blanco	5
(Unknown)	splashx!users.noreply.github.com	Diogenes S. Jesus	5
(Unknown)	enrico.stahn!gmail.com	Enrico Stahn	5
(Unknown)	tvanlessen!gmail.com	Tammo van Lessen	5
(Unknown)	a!insvit.com	Alexey Volkov	5
(Unknown)	thachmai!gmail.com	Thach MAI	5
(Unknown)	lyrixx!lyrixx.info	Grégoire Pineau	5
(Unknown)	joelhandwell!gmail.com	Joel Handwell	5
(Unknown)	pablo!pablocantero.com	Pablo Cantero	5
(Unknown)	joscha!schnipseljagd.org	Joscha	5
(Unknown)	artberger!users.noreply.github.com	Art	5
(Unknown)	samir.patel!flosports.tv	Samir Patel	5
(Unknown)	petermbenjamin!gmail.com	Peter Benjamin	5
(Unknown)	graham!grahamc.com	Graham Christensen	5
(Unknown)	joshglendenning!gmail.com	Josh Glendenning	5
(Unknown)	evalica!users.noreply.github.com	Ecaterina Moraru (Valica)	5
(Unknown)	popsul1993!gmail.com	Viktor Suprun	5
(Unknown)	thomas!schweizerbolzonello.net	Thomas Schweizer-Bolzonello	5
(Unknown)	guillaume1.gomez!gmail.com	Guillaume Gomez	5
(Unknown)	mail!dbalan.in	Dhananjay Balan	5
(Unknown)	zhicheng!opensourceforge.net	Zhicheng Wei	5
(Unknown)	stuartl!vrt.com.au	Stuart Longland	5
(Unknown)	jackkleeman!gmail.com	Jack Kleeman	4
(Unknown)	p!ctriple.cn	Zhou Peng	4
(Unknown)	ed!packet.net	Edward Vielmetti	4
(Unknown)	battlemidget!users.noreply.github.com	Adam Stokes	4
(Unknown)	marc.holmes!gmail.com	Marc Holmes	4
(Unknown)	nexcloud!nexcloud.co.kr	Jinyong Kim	4
(Unknown)	ccharles!gmail.com	Colin Charles	4
(Unknown)	rrichrs!gmail.com	Ryan Rich	4
(Unknown)	andrew.renz!elastifile.com	Andrew Renz	4
(Unknown)	eistrati!users.noreply.github.com	eistrati	4
(Unknown)	koahmad98!gmail.com	Khaled Ahmad	4
(Unknown)	nitzan!epsagon.com	Nitzan Shapira	4
(Unknown)	ben.lackey!outlook.com	Ben Lackey	4
(Unknown)	36203052+nicolasdenutte!users.noreply.github.com	Nicolas Denutte	4
(Unknown)	sebastian.buenker!gmail.com	Sebastian Buenker	4
(Unknown)	travis!pilosa.com	Travis Turner	4
(Unknown)	splack!users.noreply.github.com	Joe Blow	4
(Unknown)	poofichu!gmail.com	Jessica Tremblay	4
(Unknown)	matt!eatsleeprepeat.net	Matt Silverlock	4
(Unknown)	s!sevki.org	Sevki	4
(Unknown)	s.wakeup31!gmail.com	everysick	4
(Unknown)	otofune!gmail.com	otofune	4
(Unknown)	jacob!jacobyoung.me	Jacob Young	4
(Unknown)	kevmoo!users.noreply.github.com	Kevin Moore	4
(Unknown)	teketen5656!gmail.com	mihirat	4
(Unknown)	33262478+qlikcoe!users.noreply.github.com	Anatoli Iariomenco	4
(Unknown)	louis.l.cloutier!gmail.com	Louis Cloutier	4
(Unknown)	drodriguez!opengov.com	Diego Rodriguez	4
(Unknown)	gebendorfer!icewave.org	chris	4
(Unknown)	liqiang!gmail.com	Qiang Li	4
(Unknown)	edward.medvedev!gmail.com	Edward Medvedev	4
(Unknown)	jesse!jc00ke.com	Jesse Cooke	4
(Unknown)	vic3lord!users.noreply.github.com	Or Elimelech	4
(Unknown)	bas!tichelaar.io	Bas Tichelaar	4
(Unknown)	sunnygupta.kr!gmail.com	SUNNY	4
(Unknown)	markjohnhopkins!gmail.com	Mark Hopkins	4
(Unknown)	zyi093!gmail.com	Zhiheng Yi	4
(Unknown)	sam!inleague.org	Samuel Knowlton	4
(Unknown)	anbestephen!gmail.com	Ambes Stephen	4
(Unknown)	haoliangyu!users.noreply.github.com	Haoliang Yu	4
(Unknown)	n!p12a.org.uk	Nathan Baum	4
(Unknown)	david.rekowski!gmx.de	David Rekowski	4
(Unknown)	3452489+jhernandezb!users.noreply.github.com	Jorge Hernández	4
(Unknown)	matti!users.noreply.github.com	Matti Paksula	4
(Unknown)	clashthebunny!gmail.com	Randall Mason	4
(Unknown)	metalog!metalevel.net	Andrey Esipenko	4
(Unknown)	petar.koretic!gmail.com	Petar Koretić	4
(Unknown)	f.mathias!zignar.net	Mathias Fussenegger	4
(Unknown)	vk6!sanger.ac.uk	Vladimir Kiselev	4
(Unknown)	hedayat.fwd!gmail.com	Hedayat Vatankhah (هدایت)	4
(Unknown)	daohoangson!gmail.com	Đào Hoàng Sơn	4
(Unknown)	me!cgmcintyre.com	Christopher McIntyre	4
(Unknown)	qrpike!gmail.com	Quinton Pike	4
(Unknown)	themccallister!gmail.com	Jason McCallister	4
(Unknown)	sio!tesser.org	Sharif Olorin	4
(Unknown)	mrt!codecn.org	c-wind	4
(Unknown)	hadrien-toma!users.noreply.github.com	Hadrien TOMA	3
(Unknown)	janos.matyas!gmail.com	Janos Matyas	3
(Unknown)	tammybutow!gmail.com	Tammy Butow	3
(Unknown)	josef.adersberger!qaware.de	Josef Adersberger	3
(Unknown)	ecliptik!gmail.com	Micheal Waltz	3
(Unknown)	schoentoon!users.noreply.github.com	Toon Schoenmakers	3
(Unknown)	kamil.hark!gmail.com	Kamil	3
(Unknown)	grossws!gmail.com	grossws	3
(Unknown)	nathanjsweet!gmail.com	Nathan Sweet	3
(Unknown)	k!swd.cc	Kei Sawada	3
(Unknown)	wcgwuxinwei!gmail.com	Mark Woo	3
(Unknown)	hypergig!gmail.com	Jordan Cohen	3
(Unknown)	felipe!astroza.cl	Felipe Astroza	3
(Unknown)	syohex!gmail.com	Syohei YOSHIDA	3
(Unknown)	sawanoboriyu!higanworks.com	sawanoboly	3
(Unknown)	znz!users.noreply.github.com	Kazuhiro NISHIYAMA	3
(Unknown)	ken!kenpowers.net	Ken Powers	3
(Unknown)	cameron.taggart!gmail.com	Cameron Taggart	3
(Unknown)	mamaveb!gmail.com	Marko Bogdanović	3
(Unknown)	simplesteph!users.noreply.github.com	Stephane Maarek	3
(Unknown)	torbjorn.vatn!unacast.com	Torbjørn Vatn	3
(Unknown)	kav!liffft.com	Kavanaugh Latiolais	3
(Unknown)	morriz!idiotz.nl	Maurice Faber	3
(Unknown)	hanjo!bunix.de	bunix42	3
(Unknown)	michael.gaida!protonmail.com	Michael Gaida	3
(Unknown)	goralski.k!gmail.com	Krzysztof Góralski	3
(Unknown)	bendemaree!gmail.com	Ben Demaree	3
(Unknown)	devnulled!users.noreply.github.com	Brandon Harper	3
(Unknown)	yngpil.yoon!gmail.com	Philbert	3
(Unknown)	costa.rag!gmail.com	Ricardo Costa	3
(Unknown)	guizmaii!users.noreply.github.com	Jules Ivanic	3
(Unknown)	victor!victordiaz.me	Víctor Díaz	3
(Unknown)	d47zm3!gmail.com	Damian Tykałowski	3
(Unknown)	moxious!oldhat.org	moxious	3
(Unknown)	moutonjeremy!labbs.fr	Jeremy Mouton	3
(Unknown)	kchugalinskiy!users.noreply.github.com	Konstantin Chugalinskiy	3
(Unknown)	ino!ino.pm	Ino de Bruijn	3
(Unknown)	alexandre.kervadec!gmail.com	RiceBowlJr	3
(Unknown)	hanbingxin49!gmail.com	Jubel Han	3
(Unknown)	tom.e.white!gmail.com	Tom White	3
(Unknown)	assel.meher!gmail.com	Assel Meher	3
(Unknown)	aaron!trouter.me	Aaron Trout	3
(Unknown)	kaishuu0123!gmail.com	Koki Oyatsu	3
(Unknown)	markus!familie-blaschke.net	Markus Blaschke	3
(Unknown)	thomas.jungblut!gmail.com	Thomas Jungblut	3
(Unknown)	czuares!gmail.com	Corey Zuares	3
(Unknown)	harry.lee.san.temp!gmail.com	Harry Lee	3
(Unknown)	jwawilander!gmail.com	Joram Wilander	3
(Unknown)	jeff.french!moonswitch.com	Jeff French	3
(Unknown)	mail!cpressland.io	Chris Pressland	3
(Unknown)	zxcvbnius!gmail.com	zxcvbnius	3
(Unknown)	ybiran!ananware.systems	Yahav Biran	3
(Unknown)	javier.holguera!gmail.com	Javier Holguera	3
(Unknown)	lightnet328!gmail.com	lightnet328	3
(Unknown)	brian!thorne.link	Brian Thorne	3
(Unknown)	raffael!yux.ch	Raffael Schmid	3
(Unknown)	mstoyukhin!gmail.com	Mark Sto	3
(Unknown)	yuxhuang!users.noreply.github.com	Yuxing Huang	3
(Unknown)	sfrique!users.noreply.github.com	Henrique Santos Fernandes	3
(Unknown)	adam!adamcharnock.com	Adam Charnock	3
(Unknown)	mf!fornasa.it	Martino Fornasa	3
(Unknown)	huy.chau!asnet.com.vn	Huy Chau	3
(Unknown)	jan!voracek.net	Jan Voráček	3
(Unknown)	aaron.nielsen!blooco.com	Aaron Nielsen	3
(Unknown)	artur.sabirov!apliteni.com	Artur Sabrov	3
(Unknown)	benoit.quartier!camptocamp.com	Benoît Quartier	3
(Unknown)	35872+wtanaka!users.noreply.github.com	Wesley Tanaka	3
(Unknown)	j.patrick.earnest!gmail.com	JP	3
(Unknown)	marco.giacomassi!sparkfabrik.com	Marco Giacomassi	3
(Unknown)	itamar!redislabs.com	Itamar Haber	3
(Unknown)	184308+affix!users.noreply.github.com	Keiran Smith	3
(Unknown)	jan.mara!googlemail.com	Jan Mara	3
(Unknown)	cristian04!gmail.com	Cristian Marquez Russo	3
(Unknown)	accraze!gmail.com	Andy Craze	3
(Unknown)	luodaoyi!users.noreply.github.com	Asura	3
(Unknown)	roland!rolandboon.com	Roland Boon	3
(Unknown)	mouradmourafiq!users.noreply.github.com	Mourad	3
(Unknown)	github!farberg.de	Dennis Pfisterer	3
(Unknown)	lfaoro!users.noreply.github.com	Leonardo Faoro	3
(Unknown)	jamiees2!gmail.com	James Sigurðarson	3
(Unknown)	kirill.rakhman!gmail.com	Kirill Rakhman	3
(Unknown)	ko!yaksok.net	Ken	3
(Unknown)	mb!triarc-labs.com	Marco Bachmann	3
(Unknown)	ricardofbarros!hotmail.com	Ricardo Barros	3
(Unknown)	030!users.noreply.github.com	030	3
(Unknown)	19yamashita15!gmail.com	keke	3
(Unknown)	gertjvr!gmail.com	Gert Jansen van Rensburg	3
(Unknown)	jody.frankowski!gmail.com	Jody Frankowski	3
(Unknown)	jrwren!j.xmtp.net	Jay R. Wren	3
(Unknown)	jessica.greben1+github!gmail.com	Jess G	3
(Unknown)	mail!danuk.ru	DaNuk (DNk)	3
(Unknown)	gullitmiranda!gmail.com	Gullit Miranda	3
(Unknown)	faizhasim!gmail.com	Mohd Faiz Hasim	3
(Unknown)	marvin!c0d3.ch	Philipp Marmet	3
(Unknown)	d.dierickx!gmail.com	Dominique Dierickx	3
(Unknown)	steve!stevesoffice.com	Stephen J. Lawrence Jr	3
(Unknown)	pawel.chcki!gmail.com	Pawel Chojnacki	3
(Unknown)	heh!praqma.net	Henrik René Høegh	3
(Unknown)	tpemble!gmail.com	Tristan Pemble	3
(Unknown)	diclophis!gmail.com	Jon Bardin	3
(Unknown)	qcho86!gmail.com	Qcho	3
(Unknown)	adarshaj!users.noreply.github.com	Adarsh J	3
(Unknown)	lori!wndx.com	Lori M Olson	3
(Unknown)	kvitajakub!gmail.com	Jakub Kvita	3
(Unknown)	leopold.odonnell!gmail.com	Leo O'Donnell	3
(Unknown)	toidiu!protonmail.com	toidiu	3
(Unknown)	alexander!treg.io	Alexander Holte-Davidsen	3
(Unknown)	hello!iamthomasmarek.com	Thomas Marek	3
(Unknown)	emmanuel!users.noreply.github.com	Emmanuel Gomez	3
(Unknown)	michaelpalmer1!users.noreply.github.com	Michael Palmer	3
(Unknown)	kernelpanek!users.noreply.github.com	Richard Panek	3
NotFound	liquidnuker!gmail.com	leoh0	3
(Unknown)	lhampe!users.noreply.github.com	Lukas	3
(Unknown)	ianchen06!gmail.com	Ian Chen	3
(Unknown)	stefan.henseler!synax.ch	Stefan Henseler	3
(Unknown)	andrii.soldatenko!gmail.com	Andrii Soldatenko	3
(Unknown)	michal.zerola!gmail.com	Michal Zerola	3
(Unknown)	rinquin.arnaud!gmail.com	Arnaud Rinquin	3
NotFound	sharnoby3!gmail.com	Sharno	3
(Unknown)	bryanliles!gmail.com	Bryan Liles	3
(Unknown)	flier.lu!gmail.com	Flier Lu	3
(Unknown)	github.com!bascht.com	Bascht	3
(Unknown)	alejandroroserov!gmail.com	Alejandro Rosero V	3
(Unknown)	derberg!wp.pl	Lukasz Gornicki	3
(Unknown)	michaelmackend!gmail.com	Michael Mackend	3
(Unknown)	samuelbirocchi!gmail.com	Samuel Birocchi	3
(Unknown)	andre!andral.kiwi	André Aubin	3
(Unknown)	sudhakar82!gmail.com	Sudhakar Rayavaram	3
(Unknown)	bergquist.kenneth!gmail.com	Kenneth Bergquist	3
(Unknown)	john!itsjohnward.com	John Ward	3
(Unknown)	agentk!hypixel.net	AgentK	3
(Unknown)	gulli!kolibri.is	Guðlaugur Stefán Egilsson	3
(Unknown)	joe!bitworking.org	Joe Gregorio	3
(Unknown)	duncan.bell!zynstra.com	Duncan Bell	3
(Unknown)	rhys!rhyspowell.com	Rhys Powell	3
(Unknown)	nbirnberg!gmail.com	Nick Birnberg	3
(Unknown)	galv!users.noreply.github.com	Daniel Galvez	3
(Unknown)	chriswhward!gmail.com	Chris Chinchilla	3
(Unknown)	e-ienaga!esm.co.jp	eiji.ienaga	3
(Unknown)	af-inet!users.noreply.github.com	David Hargat	3
(Unknown)	romanetti!gmail.com	Nicolas Romanetti	3
(Unknown)	elliot.blackburn!gmail.com	Elliot Blackburn	3
(Unknown)	code!deployable.co	Matt Hoyle	3
(Unknown)	541832074!qq.com	DiamondYuan	3
(Unknown)	napcae!users.noreply.github.com	Chi Trung Nguyen	3
(Unknown)	j256!users.noreply.github.com	Gray	3
(Unknown)	loic.nageleisen!gmail.com	Loic Nageleisen	3
(Unknown)	garry!robustsoftware.co.uk	Garry Shutler	3
(Unknown)	github!mattjanssen.com	Matt Janssen	3
(Unknown)	daniel!konczyk.net	Daniel Kończyk	3
(Unknown)	hello!jameshk.com	James Hill-Khurana	3
(Unknown)	ks!mocker.org	Kyle Sexton	3
(Unknown)	grambo!grambo.me.uk	Graeme Coupar	3
(Unknown)	john!bitfieldconsulting.com	John Arundel	3
(Unknown)	ismailbaskin!users.noreply.github.com	ismail BASKIN	3
(Unknown)	gustavo!gnustavo.com	Gustavo Chaves	3
(Unknown)	mattias.appelgren!tink.se	Mattias Appelgren	3
(Unknown)	janoszen!users.noreply.github.com	János Pásztor	3
(Unknown)	tvinhas!users.noreply.github.com	Thiago Vinhas	3
(Unknown)	21206201+jtonello!users.noreply.github.com	John S. Tonello	3
(Unknown)	chimeracoder!users.noreply.github.com	Aditya Mukerjee	3
(Unknown)	athurg!users.noreply.github.com	Athurg Feng	3
(Unknown)	autodidaddict!users.noreply.github.com	Kevin Hoffman	3
(Unknown)	adam-sandor!users.noreply.github.com	Ádám Sándor	3
(Unknown)	developer!kinzhao.com	Kin Z	3
(Unknown)	thiago.arrais!gmail.com	Thiago Arrais	3
(Unknown)	sam.github!marder.co	Sam Marder	3
(Unknown)	ttaomae!gmail.com	Todd Taomae	3
(Unknown)	lenokhall!gmail.com	Lena	3
(Unknown)	heshoots9999!gmail.com	Max Prettyjohns	3
(Unknown)	to_sud!yahoo.com	sudr	3
NotFound	markronquillo23!gmail.com	Mark Joseph Ronquillo	3
NotFound	iokcluster!gmail.com	kcluster	3
(Unknown)	dgrig!erethon.com	Dionysis Grigoropoulos	3
(Unknown)	robert!cryptobells.com	Robert Paprocki	3
(Unknown)	me!fale.io	Fabio Alessandro Locati	3
(Unknown)	ryan!ryanmcollins.com	Ryan Collins	3
(Unknown)	ahmad!codeinchaos.com	Ahmad Nassri	3
(Unknown)	skyred!insready.com	Jingsheng Wang	3
(Unknown)	mike!kalamuna.com	Mike Pirog	3
(Unknown)	markus!lazyfrosch.de	Markus Frosch	3
(Unknown)	rogeriopradoj!gmail.com	Rogerio Prado de Jesus	3
(Unknown)	ben!bleything.net	Ben Bleything	3
(Unknown)	jtravis!tgen.org	Jason Travis	3
(Unknown)	adconrad!0c3.net	Adam Conrad	3
(Unknown)	dslupytskyi!gmail.com	Dmitriy Slupytskyi	3
(Unknown)	greenrd!greenrd.org	Robin Green	3
(Unknown)	danbondd!gmail.com	Dan Bond	3
(Unknown)	dgarc87!gmail.com	Danny Garcia	3
(Unknown)	paulo.ancheta!gmail.com	Paulo Ancheta	3
(Unknown)	lmr0125!gmail.com	Luke Reed	3
NotFound	iain!humblyarrogant.io	Iain Cambridge	3
(Unknown)	superbenk!gmail.com	Benjamin Krein	3
(Unknown)	martin!danielsson.de	Martin Danielsson	3
(Unknown)	rayfoss!users.noreply.github.com	Ray Foss	3
(Unknown)	clorichel!users.noreply.github.com	Pierre-Alexandre	3
(Unknown)	wingyminus!gmail.com	Thanabodee Charoenpiriyakij	3
(Unknown)	rullaf!gmail.com	Mikulas Dite	3
(Unknown)	chris.snell!gmail.com	Chris Snell	3
(Unknown)	inthecloud247!gmail.com	John Albietz	3
(Unknown)	aleksandar.topuzovic!gmail.com	Aleksandar Topuzovic	3
(Unknown)	aforward!gmail.com	Ben Dover	3
(Unknown)	elton!sixeyed.com	Elton Stoneman	3
(Unknown)	bripkens!gmail.com	Ben Ripkens	3
(Unknown)	kontakt!beberlei.de	Benjamin Eberlei	3
(Unknown)	liufuyang!users.noreply.github.com	Fuyang Liu	3
(Unknown)	codeworm96!outlook.com	Zhang Yuning	3
(Unknown)	tzz!lifelogs.com	Ted Zlatanov	3
(Unknown)	christian!hoffie.info	Christian Hoffmann	3
(Unknown)	eric!erdaniels.com	Eric Daniels	3
(Unknown)	jsanfordgit!froop.com	James Sanford	3
(Unknown)	picadoh!users.noreply.github.com	Hugo Picado	3
(Unknown)	romain.baugue!elwinar.com	Romain Baugue	3
(Unknown)	ivo.jimenez!gmail.com	Ivo Jimenez	3
(Unknown)	william!wkennington.com	William A. Kennington III	3
(Unknown)	tg!mirbsd.de	Thorsten Glaser	3
(Unknown)	daniel!trvx.org	Daniel J. Hofmann	3
(Unknown)	aayush!socialcops.com	Aayush Sarva	3
(Unknown)	doubledense!gmail.com	Buttetsu Batou	3
(Unknown)	blingwang!gmail.com	Jianguo Wang	3
(Unknown)	gcorrales!gmail.com	Gilbert Corrales	3
(Unknown)	dictav!gmail.com	Shintaro Abe	3
(Unknown)	joshleeb!users.noreply.github.com	Josh Leeb-du Toit	2
(Unknown)	jtaylor007.jt!gmail.com	Jordan Taylor	2
(Unknown)	inylove82!gmail.com	Dennis Jung	2
(Unknown)	erdody!gmail.com	Diego Erdody	2
(Unknown)	stuff!joefriedl.net	Joe Friedl	2
(Unknown)	nico.berlee!on2it.net	Nico Berlee	2
(Unknown)	brian!coglative.com	Brian Topping	2
NotFound	ty.w.martin!gmail.com	twmartin	2
NotFound	matt!bodgit-n-scarper.com	Matt Dainty	2
(Unknown)	samuelmarks!gmail.com	Samuel Marks	2
NotFound	jjyruby!gmail.com	jjy	2
(Unknown)	paul!pauldix.net	Paul Dix	2
(Unknown)	clsung!gmail.com	Cheng-Lung Sung	2
(Unknown)	bwtrante!lakeheadu.ca	Ben Tranter	2
(Unknown)	dave!flyclops.com	Dave Martorana	2
(Unknown)	linton.tw!gmail.com	John-Lin	2
(Unknown)	john!johnmccabe.net	John McCabe	2
(Unknown)	guus!van.weelden.de	Guus van Weelden	2
(Unknown)	anumantharaja!gmail.com	anumantharaja	2
(Unknown)	alombarte!users.noreply.github.com	A. Lombarte	2
(Unknown)	arnaud.rebillout!collabora.com	Arnaud Rebillout	2
(Unknown)	swapdisk!users.noreply.github.com	swapdisk	2
(Unknown)	leonardinius!users.noreply.github.com	Leonids Maslovs	2
(Unknown)	root!k3a.me	K3A	2
(Unknown)	marcusandre!users.noreply.github.com	Marcus André	2
(Unknown)	yamil.asusta!upr.edu	Yamil Asusta	2
(Unknown)	ilyaxa1!gmail.com	Ilya Galimyanov	2
(Unknown)	solo-github!goeswhere.com	Chris West	2
(Unknown)	dev!snowgarden.ch	Dominic	2
(Unknown)	project0!users.noreply.github.com	Richard Hillmann	2
(Unknown)	github!qslw.com	Morton Fox	2
(Unknown)	a.korzhevskiy!gmail.com	Andrei Korzhevskii	2
(Unknown)	jelmer!jelmer.uk	Jelmer Vernooij	2
(Unknown)	stongo!gmail.com	Marcus Stong	2
(Unknown)	zp!buaa.us	招牌疯子	2
(Unknown)	drslump!pollinimini.net	DrSlump	2
(Unknown)	chen_yunpeng!foxmail.com	Chyroc	2
(Unknown)	tim!townsourced.com	Tim Shannon	2
(Unknown)	john!netpurgatory.com	John C. Vernaleo	2
(Unknown)	asdine.elhrychy!gmail.com	Asdine El Hrychy	2
(Unknown)	dankomiocevic!users.noreply.github.com	Danko Miocevic	2
(Unknown)	baiju.m.mail!gmail.com	Baiju Muthukadan	2
(Unknown)	extemporalgenome!gmail.com	Kevin Gillette	2
(Unknown)	deoxxa!fknsrs.biz	Conrad Pankoff	2
(Unknown)	benjamin.leber!bertschi.com	Benjamin Leber	2
(Unknown)	xieenlong!mobike.com	xieenlong	2
(Unknown)	it!startux.de	Stefan Reimer	2
(Unknown)	svet!ralch.com	Svett Ralchev	2
(Unknown)	tgravity!viv.ai	theogravity	2
(Unknown)	nhm37!cornell.edu	Hapa29	2
(Unknown)	sleongkoan!gmail.com	Stephen Leong Koan	2
(Unknown)	hfm.garden!gmail.com	OKUMURA Takahiro	2
(Unknown)	me!toshimaru.net	toshi	2
(Unknown)	rafael.szefler!gmail.com	Rafael Szefler	2
(Unknown)	me!captnemo.in	Nemo	2
(Unknown)	techmaxed.net!gmail.com	naiduarvind	2
(Unknown)	taylor.j.walla!gmail.com	Taylor Walla	2
(Unknown)	gvmitrev!gmail.com	Georgi Mitrev	2
(Unknown)	mail!kushaldas.in	Kushal Das	2
(Unknown)	bgentry!users.noreply.github.com	Blake Gentry	2
(Unknown)	mattleibow!live.com	Matthew Leibowitz	2
(Unknown)	rinat.abdullin!gmail.com	Rinat Abdullin	2
(Unknown)	ali.abdulhannan!gmail.com	Hannan Ali	2
(Unknown)	lukaslipka!gmail.com	Lukas Lipka	2
(Unknown)	hi!floriannagel.xyz	Florian Nagel	2
(Unknown)	neoman.v!gmail.com	0oneo	2
(Unknown)	pgonda!users.noreply.github.com	Peter Gonda	2
(Unknown)	geoffreyp!users.noreply.github.com	Geoffrey Pruvost	2
(Unknown)	defstream!users.noreply.github.com	@DEFSTREAM	2
(Unknown)	im!bithavoc.io	bithavoc	2
(Unknown)	691503798!qq.com	陈雨童	2
(Unknown)	pythias!gmail.com	pythias	2
(Unknown)	fr05t1k4!gmail.com	Stanislav	2
(Unknown)	zhuochun!hotmail.com	Zhuochun	2
(Unknown)	chaishushan!gmail.com	chai2010	2
(Unknown)	github!hoffman-andrews.com	Jacob Hoffman-Andrews	2
(Unknown)	charithe!users.noreply.github.com	Charith Ellawala	2
(Unknown)	eripe970!gmail.com	Erik Pettersson	2
(Unknown)	doug!neverfear.org	Doug Lawrie	2
(Unknown)	36501933+gaillardtheo!users.noreply.github.com	Théo Gaillard	2
(Unknown)	davidpbrodsky!gmail.com	David Brodsky	2
(Unknown)	stephen.haberman!gmail.com	Stephen Haberman	2
(Unknown)	simonhorlick!gmail.com	Simon Horlick	2
(Unknown)	benelot!users.noreply.github.com	Benjamin Ellenberger	2
(Unknown)	davidcao!seas.upenn.edu	David Cao	2
(Unknown)	zhaoimpulse!gmail.com	zhaohaifeng	2
(Unknown)	spiralout.eu!gmail.com	Nikos Koumbakis	2
(Unknown)	info!olivierboucher.com	Olivier Boucher	2
(Unknown)	colby.blair!gmail.com	Colby Blair	2
(Unknown)	bmhatfield!gmail.com	Brian Hatfield	2
(Unknown)	joe!joecortopassi.com	Joe Cortopassi	2
(Unknown)	philneaton95!gmail.com	Phil Eaton	2
(Unknown)	github!chrisrebert.com	Chris Rebert	2
(Unknown)	sangyye!users.noreply.github.com	Christian Vervoorts	2
(Unknown)	chrpme!users.noreply.github.com	Mike Unke	2
(Unknown)	feelingenriched!gmail.com	Rich Adams	2
(Unknown)	thomasyuan!users.noreply.github.com	Thomas Yuan	2
(Unknown)	vermapratyush!gmail.com	Pratyush Verma	2
(Unknown)	derkoe!users.noreply.github.com	Christian Köberl	2
(Unknown)	dustinspecker!dustinspecker.com	Dustin Specker	2
(Unknown)	michael!mhuttner.com	Michael Huttner	2
(Unknown)	dan!dracan.co.uk	Dan Clarke	2
(Unknown)	rob!salmond.ca	Rob Salmond	2
(Unknown)	romain.dary!eoko.fr	Romain DARY	2
(Unknown)	contato!fernandocarletti.net	Fernando Carletti	2
(Unknown)	gregswift!gmail.com	Greg Swift	2
(Unknown)	jorwalk!gmail.com	Jordan Walker	2
(Unknown)	timon86.wang!gmail.com	Timon Wong	2
(Unknown)	kron82!gmail.com	Artiom Diomin	2
(Unknown)	petertrotman!gmail.com	Peter Trotman	2
NotFound	yumino99!gmail.com	umiyosh	2
(Unknown)	info!andreasosso.com	Andrea Sosso	2
(Unknown)	jason!vanbrackel.net	Jason L. van Brackel	2
(Unknown)	kevin!kmaris.net	Kevin Maris	2
(Unknown)	jamiesnape!users.noreply.github.com	Jamie Snape	2
(Unknown)	github!lavoie.sl	Sebastien Lavoie	2
(Unknown)	max!arangodb.com	Max Neunhoeffer	2
(Unknown)	scarletwolf275!outlook.com	Jacob Jack	2
(Unknown)	mtsmfm!gmail.com	Fumiaki MATSUSHIMA	2
(Unknown)	ldjuggins!gmail.com	Lewis Juggins	2
(Unknown)	cmoultrie!pindropsecurity.com	Chris Moultrie	2
(Unknown)	zhuo.qiang!gmail.com	ZHUO Qiang	2
(Unknown)	aaron!serendipity.cx	Aaron Stone	2
(Unknown)	squarism!gmail.com	Chris Dillon	2
(Unknown)	bendory!users.noreply.github.com	David Bendory	2
(Unknown)	hash!exultant.us	Eric Myhre	2
(Unknown)	jean!raby.sh	Jean Raby	2
(Unknown)	eu!ieugen.ro	Ioan Eugen Stan	2
(Unknown)	www!scholzj.com	Jakub Scholz	2
(Unknown)	hey!schmid.uno	Nicolai Schmid	2
(Unknown)	lambert8!illinois.edu	Mike Lambert	2
(Unknown)	code!andreazonca.com	Andrea Zonca	2
(Unknown)	gs!initcron.org	Gourav Shah	2
(Unknown)	niemueller!kbsg.rwth-aachen.de	Tim Niemueller	2
(Unknown)	pablo.estigarribia!visitor.upm.com	Pablo Estigarribia	2
(Unknown)	medda.mauro!gmail.com	mauromedda	2
(Unknown)	mail!sapphire.in.net	amaya	2
(Unknown)	jmlrt!users.noreply.github.com	Julien Mailleret	2
(Unknown)	dshuvar!users.noreply.github.com	Dmitrii Shuvar	2
(Unknown)	it.demi!ya.ru	dshuvar	2
(Unknown)	daniel.mohr!supercrunch.io	Daniel Mohr	2
(Unknown)	krystan!gmail.com	Krystan Honour	2
(Unknown)	ashon8813!gmail.com	ashon	2
(Unknown)	maxime!naeka.fr	Maxime Gaillard	2
(Unknown)	dequidt.romain!gmail.com	Romain DEQUIDT	2
(Unknown)	samuel!sava.be	Samuel Vandamme	2
(Unknown)	zobairshahadat!datamachines.io	Zobair Shahadat	2
(Unknown)	vyukov.oleg!gmail.com	Oleg Vyukov	2
(Unknown)	merwan!users.noreply.github.com	Merouane Atig	2
(Unknown)	spam!nowaker.net	Damian Nowak	2
(Unknown)	jerry.boyang.peng!gmail.com	Boyang Jerry Peng	2
(Unknown)	remipassmoilesel!users.noreply.github.com	Rémi de Passmoilesel	2
(Unknown)	rea.527!gmail.com	Manabu Sakai	2
(Unknown)	tommi!tommi.org	Tomas Edwardsson	2
(Unknown)	jan!faked.org	Jan Grewe	2
(Unknown)	pahaz.white!gmail.com	Pavel White	2
(Unknown)	andrew.cobaugh!gmail.com	Andy Cobaugh	2
(Unknown)	samuel.d.darwin!gmail.com	sdarwin	2
(Unknown)	daniel!seripap.com	Daniel Seripap	2
(Unknown)	github!talsma.ca	a-tal	2
(Unknown)	pprischepa!gmail.com	Pavel Prischepa	2
(Unknown)	alexbarlowis!gmail.com	Alex Barlow	2
(Unknown)	stefan.cocora!gmail.com	Stefan Cocora	2
(Unknown)	contact!jhernandez.me	jhernandezb	2
(Unknown)	kaspernissen!gmail.com	Kasper Nissen	2
(Unknown)	max.goltzsche!gmail.com	Max Goltzsche	2
(Unknown)	ryan!moreharts.com	Ryan Morehart	2
(Unknown)	benjamin.cabe!eclipse-foundation.org	Benjamin Cabé	2
(Unknown)	marius!gerl1ng.de	Marius Gerling	2
(Unknown)	kindule!gmail.com	kindule	2
(Unknown)	mitsutaka.amano!gmail.com	Mitz Amano	2
(Unknown)	grantbow!gmail.com	grantbow	2
(Unknown)	codingwithcookie!outlook.com	Andrew Cook	2
(Unknown)	vaibhav.singh.14cse!bml.edu.in	Vaibhav Singh	2
(Unknown)	gruchikvlad!gmail.com	Gruchik Vladislav	2
(Unknown)	casonchan.zju!gmail.com	chenqz1987	2
(Unknown)	aurelcanciu!gmail.com	Aurel Canciu	2
(Unknown)	fernando!fernandobattistella.com.br	Fernando Battistella	2
NotFound	aholland!a1dutch.co.uk	Andrew Holland	2
(Unknown)	lg4869!outlook.com	lg	2
(Unknown)	njoyce!users.noreply.github.com	Nick Joyce	2
(Unknown)	brandonsdewitt!gmail.com	Brandon Dewitt	2
(Unknown)	bauch!struktur.de	Joachim Bauch	2
(Unknown)	vbaybekov!gmail.com	buybackoff	2
(Unknown)	jeppe!jeppek.dk	Jeppe Roi Kristensen	2
(Unknown)	acburdine!gmail.com	Austin Burdine	2
(Unknown)	afahocci!gmail.com	Sushil Shrestha	2
(Unknown)	gpgh!grey-panther.net	Attila-Mihaly Balazs	2
(Unknown)	pete.a.nykanen!gmail.com	Pete Nykänen	2
(Unknown)	martin.gerhardy!gmail.com	Martin Gerhardy	2
(Unknown)	s.koschnicke!gfxpro.com	Sven Koschnicke	2
(Unknown)	danieldent!users.noreply.github.com	Daniel Dent	2
(Unknown)	brent!ebrentnelson.com	E Brent Nelson	2
(Unknown)	v.reis!foodpanda.com	Vitor Reis	2
(Unknown)	jwurtz!jolicode.com	Joel Wurtz	2
(Unknown)	zepouet!gmail.com	Nicolas Muller	2
(Unknown)	registrazioni!franzoni.eu	Alan Franzoni	2
(Unknown)	tiangolo!gmail.com	Sebastián Ramírez	2
(Unknown)	gerdogdu!managecat.com	Gurkan Erdogdu	2
(Unknown)	danmichaelo!gmail.com	Dan Michael O. Heggø	2
(Unknown)	gabriel.engel!gmail.com	Gabriel Engel	2
(Unknown)	jens.doose!onwerk.de	Jens Doose	2
(Unknown)	arielelkin!gmail.com	Ariel Elkin	2
(Unknown)	tom!tombh.co.uk	Thomas Buckley-Houston	2
(Unknown)	gee.forr!gmail.com	Gabriel Fortuna	2
(Unknown)	support!lightstreamer.com	Weswit Team	2
(Unknown)	github!mjlab.com	Matthew Jacobi	2
(Unknown)	agakshat!users.noreply.github.com	Akshat Agarwal	2
(Unknown)	1212jtraceur!gmail.com	Joseph Frazier	2
(Unknown)	hello!marksteve.com	Mark Steve Samson	2
(Unknown)	marc.cornella!live.com	Marc Cornellà	2
(Unknown)	anthonycollini!gmail.com	Anthony Collini	2
(Unknown)	devvyn!devvyn.com	Devvyn Murphy	2
(Unknown)	johannes!crate.io	joemoe	2
(Unknown)	grummfy!users.noreply.github.com	Grummfy	2
(Unknown)	jzb!zonker.net	Joe 'Zonker' Brockmeier	2
(Unknown)	andreykaygorodov!gmail.com	Andrey Kaygorodov	2
(Unknown)	clakech!users.noreply.github.com	Cyril Lakech	2
(Unknown)	jaceromri!gmail.com	Jacer OMRI	2
(Unknown)	brian!teeman.net	Brian Teeman	2
(Unknown)	timwangdev!gmail.com	Tim Wang	2
(Unknown)	chatfielddaniel!gmail.com	Daniel Chatfield	2
(Unknown)	xuepaul.xp!gmail.com	Paul Xue	2
(Unknown)	mark.tully!lockwood-publishing.com	Mark Tully	2
(Unknown)	tim.marston!lockwood-publishing.com	Tim Marston	2
(Unknown)	iron!waffle.io	Making GitHub Delicious	2
(Unknown)	shawn!milochik.com	Shawn Milochik	2
(Unknown)	yucetekol!gmail.com	Yuce Tekol	2
(Unknown)	brendan.devenney!cloudreach.com	Brendan Devenney	2
(Unknown)	tim!freunds.net	Tim Freund	2
(Unknown)	170829561!qq.com	freedom-diy	2
(Unknown)	fabian.franz!students.fh-hagenberg.at	Fabian Franz	2
(Unknown)	funfriendcjf!gmail.com	caojiafeng	2
(Unknown)	zty0826!gmail.com	庄天翼	2
(Unknown)	im!librazy.org	Liqueur Librazy	2
(Unknown)	pierre!awaragi.com	Pierre Awaragi	2
(Unknown)	heldroe!gmail.com	David Guerrero	2
(Unknown)	sqisher!users.noreply.github.com	Daniel Bechler	2
(Unknown)	github!florianschlag.de	Florian Schlag	2
(Unknown)	jubobs!users.noreply.github.com	Jubobs	2
(Unknown)	shamrin!gmail.com	Alexey Shamrin	2
(Unknown)	phcrva!gmail.com	Pedro Araújo	2
(Unknown)	pj!digitalbrands.com	PJ Fancher	2
(Unknown)	jbgmoore!gmail.com	Jamie Moore	2
(Unknown)	sk!sethwklein.net	Seth W. Klein	2
(Unknown)	bbaja42!gmail.com	Barisa Obradovic	2
(Unknown)	mpp302!gmail.com	Mateusz Piotrowski	2
(Unknown)	hannes.koerber!haktec.de	Hannes Körber	2
(Unknown)	languitar!semipol.de	Johannes Wienke	2
(Unknown)	jonas.wielicki!cloudandheat.com	Jonas Wielicki	2
(Unknown)	staff0rd!users.noreply.github.com	Stafford Williams	2
(Unknown)	sneha.inguva!gmail.com	Sneha Inguva	2
(Unknown)	elifkus!gmail.com	Elif T. Kuş	2
(Unknown)	hello!rohit.io	Rohit Gupta	2
(Unknown)	martin-commit!ubique.se	Martin Lindhe	2
(Unknown)	njohnson!ena.com	Nathan Johnson	2
(Unknown)	zphj1987!gmail.com	Peng Zhang	2
(Unknown)	yangf!neunn.com	Fan Yang	2
(Unknown)	eboza!espol.edu.ec	Edwin F. Boza	2
(Unknown)	saumay.agrawal!gmail.com	Saumay Agrawal	2
(Unknown)	odivlad!gmail.com	Vladislav Odintsov	2
(Unknown)	sarthakmunshi!gmail.com	Sarthak Munshi	2
(Unknown)	florent!manens.org	Florent Manens	2
(Unknown)	maxime.robert1992!gmail.com	Maxime ROBERT	2
(Unknown)	ntmatter!gmail.com	Thomas Johnson	2
(Unknown)	andy!gravitystorm.co.uk	Andy Allan	2
(Unknown)	armaseg!gmail.com	Armando Segnini	2
(Unknown)	stefan.eilemann!epfl.ch	Stefan Eilemann	2
(Unknown)	kotnick!gmail.com	Nikola Kotur	2
(Unknown)	jordon!jordonsmith.uk	Jordon Smith	2
(Unknown)	heartsucker!autistici.org	heartsucker	2
(Unknown)	shenoy.ameya!gmail.com	Ameya Shenoy	2
(Unknown)	onni!keksi.io	Onni Hakala	2
(Unknown)	mdh.heydari!gmail.com	Mohammad Hossein Heydari	2
(Unknown)	micrypt!users.noreply.github.com	Seyi Ogunyemi	2
(Unknown)	amith.amith!gmail.com	Amith Tudur	2
(Unknown)	wangjild!gmail.com	Wang Jing	2
(Unknown)	seddon.ryan!gmail.com	Ryan Seddon	2
(Unknown)	lucapette!gmail.com	lucapette	2
(Unknown)	nvh!nvh.io	Niels van Hoorn	2
(Unknown)	bhjackson!gmail.com	Benjamin Jackson	2
(Unknown)	pentecostjonathan!gmail.com	Jonathan Pentecost	1
(Unknown)	ghuntley!ghuntley.com	Geoffrey Huntley	1
(Unknown)	github!libertysys.com.au	Paul Gear	1
(Unknown)	dobesv!gmail.com	Dobes Vandermeer	1
(Unknown)	francesco.donzello!gmail.com	Francesco Donzello	1
(Unknown)	1147229+genome21!users.noreply.github.com	Robert Wilkins III	1
(Unknown)	dev.bistros!gmail.com	bistros	1
(Unknown)	nickplatt!spotify.com	Nick Platt	1
(Unknown)	akosiaris!gmail.com	Alexandros Kosiaris	1
(Unknown)	orkun1675!hotmail.com	Orkun	1
(Unknown)	priteshchandaliya!gmail.com	Pritesh Chandaliya	1
(Unknown)	eric.case!gmail.com	Eric Case	1
(Unknown)	dkarapetyan!scriptcrafty.com	david karapetyan	1
(Unknown)	me!whn.se	William Rudenmalm	1
(Unknown)	glenn.block!gmail.com	Glenn Block	1
(Unknown)	mthenw!users.noreply.github.com	Maciej Winnicki	1
(Unknown)	rperelma!adobe.com	Roberto Perelman	1
(Unknown)	ljnelson!gmail.com	Laird Nelson	1
(Unknown)	rbramley!users.noreply.github.com	Robin Bramley	1
(Unknown)	github!green.hartshorne.net	Ben Hartshorne	1
(Unknown)	maxcnunes!gmail.com	Max Claus Nunes	1
(Unknown)	willykaram!users.noreply.github.com	Willy Karam	1
(Unknown)	mail!goposky.com	Gopal Ramachandran	1
(Unknown)	micumatei!gmail.com	Matei-Marius Micu	1
(Unknown)	jose.monkey.org!gmail.com	jose nazario	1
(Unknown)	veggiemonk!users.noreply.github.com	Julien Bisconti	1
(Unknown)	taherv!users.noreply.github.com	Taher Vohra	1
(Unknown)	jvinod!users.noreply.github.com	JV	1
(Unknown)	gourao!users.noreply.github.com	Gou Rao	1
(Unknown)	andrewosh!gmail.com	Andrew Osheroff	1
(Unknown)	github!kassisol.com	Julien Kassar	1
(Unknown)	fermayo!gmail.com	Fernando Mayo	1
(Unknown)	pauldotknopf!gmail.com	Paul Knopf	1
(Unknown)	lllama!users.noreply.github.com	Felix Ingram	1
(Unknown)	xquang.foss!gmail.com	Quang Nguyễn	1
(Unknown)	eun!su.am	Tobias Salzmann	1
(Unknown)	ymmt!cybozu.com	ymmt	1
(Unknown)	john!zultron.com	John Morris	1
(Unknown)	zyylsxm!gmail.com	GhostComputing	1
(Unknown)	jeffrey.gensler!cdk.com	Jeffrey Gensler	1
(Unknown)	mfburnett!users.noreply.github.com	Mackenzie Burnett	1
(Unknown)	jackson!chain.com	Jackson Owens	1
(Unknown)	tim!lossen.de	Tim Lossen	1
(Unknown)	tgrosinger!extrahop.com	Tony Grosinger	1
(Unknown)	tobias.oberstein!tavendo.de	Tobias Oberstein	1
(Unknown)	dcheney!atlassian.com	David Cheney	1
(Unknown)	rpatel.com!gmail.com	Rushit	1
(Unknown)	shaun.thium!gmail.com	shaun.thium	1
(Unknown)	ethan.port!mulesoft.com	ethanport	1
(Unknown)	liam.haworth!tesserent.com	Liam Haworth	1
(Unknown)	requenym!users.noreply.github.com	Michael Requeny	1
(Unknown)	bts!gmail.com	Brian Schroeder	1
(Unknown)	goby!foxmail.com	laidonglin	1
(Unknown)	victor!matekole.com	vmatekole	1
(Unknown)	chengfeizh!gmail.com	Chengfei Zhang	1
(Unknown)	clawsicus!gmail.com	Chris Laws	1
(Unknown)	ronald.gundlach-chmara!webtrends.com	Ronald Gundlach-Chmara	1
(Unknown)	brandon!ixsystems.com	Brandon Schneider	1
(Unknown)	sub!subl.ee	Heungsub Lee	1
(Unknown)	timer150!gmail.com	Joe Haddad	1
(Unknown)	seanerussell!gmail.com	Sean Russell	1
(Unknown)	me!thehippo.de	Philipp Klose	1
(Unknown)	andrew!johnandrewmarshall.com	Andrew Marshall	1
(Unknown)	ryan!doylenet.net	Ryan Doyle	1
(Unknown)	alexanderaltair!gmail.com	Alex Altair	1
(Unknown)	matismaya!gmail.com	Matis Hsiao	1
(Unknown)	efrecon!gmail.com	efrecon	1
(Unknown)	trainfeed!gmail.com	周春寅	1
(Unknown)	splattael!users.noreply.github.com	Peter Suschlik	1
(Unknown)	salvador.joseluis!gmail.com	José Luis Salvador Rufo	1
(Unknown)	satorulogic!gmail.com	satoru	1
(Unknown)	bryan.matsuo!gmail.com	Bryan Matsuo	1
(Unknown)	mdparker89!gmail.com	Matt Parker	1
(Unknown)	mauricio.abreua!gmail.com	Mauricio de Abreu Antunes	1
(Unknown)	nospam!iandavis.com	Ian Davis	1
(Unknown)	rob!eatenbyagrue.org	Robert Norris	1
(Unknown)	kaiyadavenport!gmail.com	Kai Davenport	1
(Unknown)	alex-sherwin!users.noreply.github.com	Alex Sherwin	1
(Unknown)	stevecrozz!gmail.com	Stephen Crosby	1
(Unknown)	slawosz!gmail.com	Slawosz Slawinski	1
(Unknown)	p.cong!linkorb.com	Cong Peijun	1
(Unknown)	tomas.carnecky!gmail.com	Tomas Carnecky	1
(Unknown)	laust!object.io	Laust Rud Jacobsen	1
(Unknown)	niralisse+github!gmail.com	Jonathan Owens	1
(Unknown)	jkakar!kakar.ca	Jamu Kakar	1
(Unknown)	tlo!sengaya.de	Thilo Uttendorfer	1
(Unknown)	azuciao!gmail.com	azu	1
(Unknown)	adrian.mouat!gmail.com	Adrian Mouat	1
(Unknown)	aly.yousuf7!gmail.com	Ali Yousuf	1
(Unknown)	uvaraj6!gmail.com	Yuvaraj	1
(Unknown)	daljeetv!gmail.com	Daljeet Virdi	1
(Unknown)	rieske!users.noreply.github.com	Vaidotas Valuckas	1
(Unknown)	spacewanderlzx!gmail.com	spacewander	1
(Unknown)	raphael.geronimi!gmail.com	Raphael Geronimi	1
(Unknown)	ben.aldrich!logrhythm.com	Ben Aldrich	1
(Unknown)	loki!lokis-chaos.de	tbe	1
(Unknown)	nicholasjamesrusso!gmail.com	nick	1
(Unknown)	jfolkins!gmail.com	Jared Folkins	1
(Unknown)	janos!resenje.org	Janoš Guljaš	1
(Unknown)	pankaj.khairnar!gmail.com	Pankaj khairnar	1
(Unknown)	rodseth!gmail.com	Alexander F Rødseth	1
(Unknown)	github!josephspurrier.com	Joseph Spurrier	1
(Unknown)	abhinav316!gmail.com	Abhinav Ajgaonkar	1
(Unknown)	hermanschaaf!gmail.com	Herman Schaaf	1
(Unknown)	peter!etelej.com	Peter Etelej	1
(Unknown)	cochrane26!gmail.com	Charlie Cochrane	1
(Unknown)	rogier!lommers.org	Rogier Lommers	1
(Unknown)	twodopeshaggy!gmail.com	John ShaggyTwoDope Jenkins	1
(Unknown)	joyrexus!gmail.com	Jason Voigt	1
(Unknown)	jef199006!gmail.com	jefby	1
(Unknown)	andy!ever.io	everdev	1
(Unknown)	philipp.tarasiewicz!googlemail.com	Philipp Tarasiewicz	1
(Unknown)	eric!bergd.net	Eric Berg	1
(Unknown)	ab!bri-c.de	Andreas Briese	1
(Unknown)	xinkiang!gmail.com	binz	1
(Unknown)	gavvvr!ya.ru	Kirill Gavrilov	1
(Unknown)	maanafunedu!gmail.com	maanadev	1
(Unknown)	a.bera!scopegroup.com	Amrit Bera	1
(Unknown)	y.yoshida22!gmail.com	kakakakakku	1
(Unknown)	mafuyuk.m!gmail.com	Mafuyu Kamono	1
(Unknown)	y.matsu.on.twitter!gmail.com	y-matsuwitter	1
(Unknown)	discommunicative!gmail.com	todesking	1
(Unknown)	alexchorny!gmail.com	Alexandr Ciornii	1
(Unknown)	bokutin!bokut.in	Tomohiro Hosaka	1
(Unknown)	john!paulett.org	John Paulett	1
(Unknown)	ngiallelis!travelplanet24.com	Nikos Giallelis	1
(Unknown)	kuogsi!gmail.com	itkq	1
(Unknown)	niku!niku.name	niku	1
(Unknown)	ryo-nakamura!cookpad.com	Ryo Nakamura	1
(Unknown)	anekos!snca.net	anekos	1
(Unknown)	rfbringer!gmail.com	kimutansk	1
(Unknown)	wlbhiro!gmail.com	wlbhiro	1
(Unknown)	abhikumar163!gmail.com	AbhishekKr	1
(Unknown)	smilolistener!gmail.com	Sungjun, Kim	1
(Unknown)	ahsandar!users.noreply.github.com	Ahsan Nabi Dar	1
(Unknown)	yk.twww!gmail.com	yk-twww	1
(Unknown)	cherrotluo!gmail.com	Cherrot Luo	1
(Unknown)	fetaro!gmail.com	fetaro	1
(Unknown)	co000ri!gmail.com	ksss	1
(Unknown)	kazuki.chigichan!gmail.com	Kazuki Chigita	1
(Unknown)	sovioletta!gmail.com	Jaewon Kwak	1
(Unknown)	tt.izawa!gmail.com	moccos	1
(Unknown)	tsuda.h.aa!gmail.com	Hitoshi Tsuda	1
(Unknown)	augusto!becciu.org	Augusto Becciu	1
(Unknown)	momocraft!gmail.com	Wang Guan	1
(Unknown)	bdentino!users.noreply.github.com	Brian Dentino	1
(Unknown)	mds!xue.bi	Desen Meng	1
(Unknown)	mazerty!gmail.com	Mazerty	1
(Unknown)	tuki0918!gmail.com	tuki0918	1
(Unknown)	diederich!gmail.com	Dana M. Diederich	1
(Unknown)	francjohny!gmail.com	Francis Johny	1
(Unknown)	y.hayamizu!gmail.com	Yuto Hayamizu	1
(Unknown)	allenmccabe!gmail.com	Allen McCabe	1
(Unknown)	j.viljaste!gmail.com	Jürgen Viljaste	1
(Unknown)	jgunnink!gmail.com	JK Gunnink	1
(Unknown)	wylie!wyliehobbs.com	Wylie Hobbs	1
(Unknown)	ianjoneill!users.noreply.github.com	Ian O'Neill	1
(Unknown)	emilaasa!gmail.com	Emil Aasa	1
(Unknown)	hanachin!gmail.com	Seiei Miyagi	1
(Unknown)	yilong.ren!sky-data.cn	Yilong Ren	1
(Unknown)	m.richer!naitways.com	mricher	1
(Unknown)	future.starshine!gmail.com	Yuki	1
(Unknown)	sudo.liyang!gmail.com	Liyang	1
(Unknown)	root!guiguan.net	Guan Gui	1
(Unknown)	tobeg3oogle!gmail.com	tobe	1
(Unknown)	li.jianye!gmail.com	fsword	1
(Unknown)	mahesh!dieswaytoofast.com	Mahesh Paolini-Subramanya	1
(Unknown)	xheavey!gmail.com	Allen Heavey	1
(Unknown)	queicherius!gmail.com	David Reeß	1
(Unknown)	chris!chris-lamb.co.uk	Chris Lamb	1
(Unknown)	mbender!gospotcheck.com	Matthew Bender	1
(Unknown)	robert!stuffwithstuff.com	Bob Nystrom	1
(Unknown)	leafpetersen!users.noreply.github.com	Leaf Petersen	1
(Unknown)	dustin!virtualroadside.com	Dustin Spicuzza	1
(Unknown)	cheng!kik.com	Mike Cheng	1
(Unknown)	f!lex.la	Aleksey Svirikin	1
(Unknown)	groob!users.noreply.github.com	Victor Vrantchan	1
(Unknown)	12931063+xinzhangx!users.noreply.github.com	Xin Zhang	1
(Unknown)	jifeng.yin!gmail.com	Yin Jifeng	1
(Unknown)	jakub.wit.martin!gmail.com	Jakub Martin	1
(Unknown)	zixia!zixia.net	Huan LI	1
(Unknown)	rhapsodyn!gmail.com	tassadarliu	1
(Unknown)	ptrkrlsrd!users.noreply.github.com	Petter Karlsrud	1
(Unknown)	andrey!nehaychik.name	Andrey Nehaychik	1
(Unknown)	mikespook!gmail.com	Xing	1
(Unknown)	davidraleigh!gmail.com	David Raleigh	1
(Unknown)	smy20011!gmail.com	Siyuan Ma	1
(Unknown)	krinklemail!gmail.com	Timo Tijhof	1
(Unknown)	italo.i!live.com	Italo José	1
(Unknown)	seb!le-gall.net	Sébastien Le Gall	1
(Unknown)	yannis.weishaupt!outlook.com	Yannis Weishaupt	1
(Unknown)	jcking!mtu.edu	Justin King	1
(Unknown)	magicae!users.noreply.github.com	Hanzhao Lin	1
(Unknown)	mail!fokkezb.nl	Fokke Zandbergen	1
(Unknown)	contact!moraesrafael.com	Rafael Moraes	1
(Unknown)	jasonheylon!gmail.com	Jason Heylon	1
(Unknown)	btelles!gmail.com	Bernie Telles	1
(Unknown)	timothee.cour2!gmail.com	Timothee Cour	1
(Unknown)	fabien.dibot!gmail.com	Fabien Dibot	1
(Unknown)	3809+netshade!users.noreply.github.com	Chris Zelenak	1
(Unknown)	ed!seatgeek.com	Ed Kelley	1
(Unknown)	kxxoling!gmail.com	Kane Blueriver	1
(Unknown)	dan!thestroots.com	Dan Stroot	1
(Unknown)	pengsrc!users.noreply.github.com	Aspire	1
(Unknown)	jonah!jonahgeorge.com	Jonah George	1
(Unknown)	saward!users.noreply.github.com	Mark Saward	1
(Unknown)	salonigarg2310!gmail.com	Saloni Garg	1
(Unknown)	sayanarijit!gmail.com	Arijit Basu	1
(Unknown)	bennettellis!comcast.net	Bennett Ellis	1
(Unknown)	mdl2009!vip.qq.com	NsLib	1
(Unknown)	volkertb!users.noreply.github.com	Volkert de Buisonjé	1
(Unknown)	christof!damian.net	Christof Damian	1
(Unknown)	jfeasel!gmail.com	Jake Feasel	1
(Unknown)	jeremy.hergault!atos.net	JEREMY HERGAULT	1
(Unknown)	justin.murdock96!gmail.com	Justin Murdock	1
(Unknown)	blazed!darkstar.se	Boberg	1
(Unknown)	lion7!users.noreply.github.com	Gerard de Leeuw	1
(Unknown)	karliszigurs!users.noreply.github.com	Karlis Zigurs	1
(Unknown)	grams!users.noreply.github.com	Guillaume Rams	1
(Unknown)	michaelhood!gmail.com	Michael Hood	1
(Unknown)	alex!riedler.ca	Alex Riedler	1
(Unknown)	rod!vagg.org	Rod Vagg	1
(Unknown)	matthew.irish!gmail.com	Matthew Irish	1
(Unknown)	halfdan!xnorfz.de	Fabian Becker	1
(Unknown)	meteor!pixiv.com	Shumpei Urabe	1
(Unknown)	t!crashfast.com	Tristan Sloughter	1
(Unknown)	belak!coded.io	Kaleb Elwert	1
(Unknown)	bryan!fourthtime.com	bryannaegele	1
(Unknown)	jradosz!gmail.com	Jarek Radosz	1
(Unknown)	veikko.vaataja!gmail.com	Veikko Väätäjä	1
(Unknown)	aaronjensen!gmail.com	Aaron Jensen	1
(Unknown)	joe!devivo.com	Joe DeVivo	1
(Unknown)	sas.vanderwest!entelect.co.za	Sas van der Westhuizen	1
(Unknown)	chris!christopherbiscardi.com	ChristopherBiscardi	1
(Unknown)	github!sandro-keil.de	Sandro Keil	1
(Unknown)	me!edd.io	Edd Robinson	1
(Unknown)	malmaud!gmail.com	Jon Malmaud	1
(Unknown)	biscarch!sketcht.com	Christopher Biscardi	1
(Unknown)	johnjelinek!users.noreply.github.com	John Jelinek IV	1
(Unknown)	a.kirszenberg!gmail.com	Alexandre Kirszenberg	1
(Unknown)	paultag!gmail.com	Paul‮etnomailgaT‭	1
(Unknown)	bernddorn!gmail.com	dobe	1
(Unknown)	tag!pault.ag	Paul Tagliamonte	1
(Unknown)	petrosagg!gmail.com	Petros Angelatos	1
(Unknown)	boynux!gmail.com	Mohammad Arab	1
(Unknown)	guilhermebr!gmail.com	Guilherme Rezende	1
(Unknown)	matt!cryptopanic.org	Matt Hartzler	1
(Unknown)	kennethlimcp!gmail.com	Kenneth Lim	1
(Unknown)	timbrook480!gmail.com	Michael Timbrook	1
(Unknown)	just.1.jake!gmail.com	Jake Teton-Landis	1
(Unknown)	tifayuki!gmail.com	tifayuki	1
(Unknown)	mlecarme!bearstech.com	Mathieu Lecarme	1
(Unknown)	ketouem!gmail.com	Ketouem	1
(Unknown)	hansrodtang!gmail.com	Hans Rødtang	1
(Unknown)	hugo!hugoduncan.org	Hugo Duncan	1
(Unknown)	kato.kazuyoshi!gmail.com	Kato Kazuyoshi	1
(Unknown)	garrympolley!gmail.com	Garry Polley	1
(Unknown)	jonjam1990!googlemail.com	Jonathan Harrison	1
(Unknown)	marchenko.alexandr!gmail.com	Marchenko Alexandr	1
(Unknown)	greglanthier!users.noreply.github.com	Greg Lanthier	1
(Unknown)	arnaud!veber.pw	VEBER Arnaud	1
(Unknown)	jonasrmichel!users.noreply.github.com	Jonas Michel	1
(Unknown)	roderick!wehandle.it	Roderick Schaefer	1
(Unknown)	seshadri.mahalingam!gmail.com	Seshadri Mahalingam	1
(Unknown)	tpdownes!users.noreply.github.com	Tom Downes	1
(Unknown)	bombcoder!outlook.com	yiming chen	1
(Unknown)	mystery.wd!gmail.com	Di Weng	1
(Unknown)	janosch!crashtest-security.com	Janosch Maier	1
(Unknown)	kyle.galbraith459!gmail.com	Kyle Galbraith	1
(Unknown)	hartym!users.noreply.github.com	Romain Dorgueil	1
(Unknown)	adam!boxxen.org	Adam Brady	1
(Unknown)	sergi.mansilla!gmail.com	Sergi Mansilla	1
(Unknown)	josh.kurz!weightwatchers.com	Joshua Kurz	1
(Unknown)	yungjinhu!gmail.com	Yung-Jin (Joey) Hu	1
(Unknown)	shon.urbas!gmail.com	Shon T. Urbas	1
(Unknown)	devkid!users.noreply.github.com	Alfred Krohmer	1
(Unknown)	hyeon!devsisters.com	Hyeon Kim	1
(Unknown)	spencersugarman!gmail.com	spencersugarman	1
(Unknown)	samson.shi!capitalone.com	Sonny	1
(Unknown)	github!giorgini.com.ar	Bruno Giorgini	1
(Unknown)	6979384+raab70!users.noreply.github.com	Rob Harrigan	1
(Unknown)	alexey!kovyrin.net	Oleksiy Kovyrin	1
(Unknown)	chanchikwan!gmail.com	Chi-kwan Chan	1
(Unknown)	anthonymfoerster!gmail.com	Tony Foerster	1
(Unknown)	guedes!portaltelemedicina.com.br	Luís Fernando Guedes	1
(Unknown)	yogin.daiict!gmail.com	Yogin	1
(Unknown)	info-screen!info-screen.me	Info-Screen	1
(Unknown)	andrey!kostenko.name	Andrii Kostenko	1
(Unknown)	mattschallert!gmail.com	Matt Schallert	1
(Unknown)	alessandrodea22!gmail.com	Alessandro De Angelis	1
(Unknown)	llb4ll!users.noreply.github.com	Bea	1
(Unknown)	hxquangnhat!gmail.com	Nhat Hoang	1
(Unknown)	xue777hua!gmail.com	Morgan Wu	1
(Unknown)	mgub!mgub.co	Michael Gubbels	1
(Unknown)	jatt27!gmail.com	Amarjeet Singh Rai	1
(Unknown)	zacrosenbauer!gmail.com	ZRosenbauer	1
(Unknown)	phyrog!users.noreply.github.com	Tom Gehrke	1
(Unknown)	vlaza!zeding.ro	Victor Laza	1
(Unknown)	fgrehm!gmail.com	Fabio Rehm	1
(Unknown)	joakim!roffe.nu	Joakim Karlsson	1
(Unknown)	36434085+ulisestj!users.noreply.github.com	UlisesTJ	1
(Unknown)	myself!mariusv.com	Marius Voila	1
(Unknown)	michalis!resin.io	Michael Angelos Simos	1
(Unknown)	jruiz!johnruiz.com	John Ruiz	1
(Unknown)	david!keitel.ca	David Keitel	1
(Unknown)	alexrichardlast!gmail.com	Alex Last	1
(Unknown)	kintoandar!users.noreply.github.com	Joel Bastos	1
(Unknown)	willaustin!users.noreply.github.com	William Austin	1
(Unknown)	shalvah!users.noreply.github.com	Shalvah	1
(Unknown)	johannes.unterstein!neotechnology.com	Johannes Unterstein	1
(Unknown)	kieran776!gmail.com	Kieran Pilkington	1
(Unknown)	svetlyak.40wt!gmail.com	Alexander Artemenko	1
(Unknown)	toqueteos!gmail.com	Carlos Cobo	1
(Unknown)	support!blitline.com	Blitline Developers	1
(Unknown)	aochagavia92!gmail.com	Adolfo Ochagavía	1
(Unknown)	eric!ubermac.net	Eric Entzel	1
(Unknown)	sebastiantiedtke!gmail.com	Sebastian Tiedtke	1
(Unknown)	jhaynie!gmail.com	Jeff Haynie	1
(Unknown)	markusjais!googlemail.com	Markus Jais	1
(Unknown)	matthew.michihara!gmail.com	Matthew Michihara	1
(Unknown)	themartorana!users.noreply.github.com	David Martorana	1
(Unknown)	sergey.kolychev!whitehatsec.com	Sergey Kolychev	1
(Unknown)	iannelson1!gmail.com	Ian Nelson	1
(Unknown)	mail!davidkaya.sk	Dávid Kaya	1
(Unknown)	sdwolfe32!users.noreply.github.com	Steven Wolfe	1
(Unknown)	wpreul!gmail.com	Wyatt Preul	1
(Unknown)	agnivade!yahoo.co.in	Agniva De Sarker	1
(Unknown)	eamhm21!hotmail.com	Essam	1
(Unknown)	djalal!users.noreply.github.com	djalal	1
(Unknown)	manuel!140.am	Manuel Kreutz	1
(Unknown)	pieter!pieters-macbook-pro.local	Pieter Raubenheimer	1
(Unknown)	pyhedgehog!users.noreply.github.com	PyHedgehog	1
(Unknown)	git!rockymadden.com	Rocky Madden	1
(Unknown)	cameron.manavian!gmail.com	Cameron Manavian	1
(Unknown)	opoudjis!optusnet.com.au	Nick Nicholas	1
(Unknown)	fusionjunky!gmail.com	Patrick McDavid	1
(Unknown)	niclas!walkbase.com	Niclas Jern	1
(Unknown)	tejas-manohar!users.noreply.github.com	Tejas Manohar	1
(Unknown)	nigel!windsock.io	Nigel Brown	1
(Unknown)	kenfdev!gmail.com	Ken Fukuyama	1
(Unknown)	kengoscal!gmail.com	ken5scal	1
(Unknown)	mcdonald!firebase.com	Michael McDonald	1
(Unknown)	stephen.walli!gmail.com	Stephen Walli	1
(Unknown)	ntrrgx!gmail.com	Miguel Angel	1
(Unknown)	valient!gmail.com	Valient Gough	1
(Unknown)	ghita71!gmail.com	Tony Ghita	1
(Unknown)	seb.sandberg!gmail.com	Sebastian Sandberg	1
(Unknown)	itielshwartz!users.noreply.github.com	Itiel shwartz	1
(Unknown)	hexchain!users.noreply.github.com	Haochen Tong	1
(Unknown)	bernard!jawn.net	Bernard Vander Beken	1
(Unknown)	aaron!petabridge.com	Aaron Stannard	1
(Unknown)	jackychou315!gmail.com	JustinChou	1
(Unknown)	stefano-pogliani!users.noreply.github.com	Stefano Pogliani	1
(Unknown)	jeremy-lq!users.noreply.github.com	Jeremy	1
(Unknown)	seva!safris.org	Seva Safris	1
(Unknown)	mtunique!users.noreply.github.com	Tao Meng	1
(Unknown)	arosspope!users.noreply.github.com	Andrew Pope	1
(Unknown)	19flipped!gmail.com	flipped	1
(Unknown)	biluohc!qq.com	wspsxing	1
(Unknown)	w!mitnk.com	Hugo Wang	1
(Unknown)	cosmtrek!gmail.com	Rick Yu	1
(Unknown)	recursion!null.net	ZHAO Yijun	1
(Unknown)	aya!users.noreply.github.com	Yann Autissier	1
(Unknown)	songjiayang!users.noreply.github.com	songjiayang	1
(Unknown)	benbradley!users.noreply.github.com	benbradley	1
(Unknown)	ask!develooper.com	Ask Bjørn Hansen	1
(Unknown)	git!fabianlaule.com	Fabian Laule	1
(Unknown)	lae!lae.is	Musee Ullah	1
(Unknown)	me!cppdo.com	Maxime Song	1
(Unknown)	napster!npstr.space	Napster	1
(Unknown)	tom.hombergs!gmail.com	Tom Hombergs	1
(Unknown)	295198088!qq.com	lican	1
(Unknown)	henri.tremblay!gmail.com	Henri Tremblay	1
(Unknown)	marcus!thiesen.org	Marcus Thiesen	1
(Unknown)	3834+dams!users.noreply.github.com	Damien Krotkine	1
(Unknown)	cenk.akin91!gmail.com	cenk akın	1
(Unknown)	willfleury!users.noreply.github.com	Will Fleury	1
(Unknown)	haizaar!users.noreply.github.com	Zaar Hai	1
(Unknown)	csy3228!gmail.com	caosiyang	1
(Unknown)	blopker!users.noreply.github.com	Bo Lopker	1
(Unknown)	lig!users.noreply.github.com	Serge Matveenko	1
(Unknown)	mail!abhinavg.net	Abhinav Gupta	1
(Unknown)	hi!mvader.me	Miguel Molina	1
(Unknown)	me!berekuk.ru	Vyacheslav Matyukhin	1
(Unknown)	pleitzen!gitlab.com	Peter Leitzen	1
(Unknown)	xiong.chiamiov!gmail.com	James Pearson Hughes	1
(Unknown)	russorat!users.noreply.github.com	Russ Savage	1
(Unknown)	boynux!users.noreply.github.com	Mohamad Arab	1
(Unknown)	denis!denis.ws	Denis Defreyne	1
(Unknown)	tiago_reichert!hotmail.com.br	Tiago Miguel Reichert	1
(Unknown)	pjhampton!users.noreply.github.com	Peter Hampton	1
(Unknown)	anatolykazantsev!users.noreply.github.com	Anatoly Kazantsev	1
(Unknown)	aaronm.sachs!gmail.com	Aaron Sachs	1
(Unknown)	juanpaulo.gutierrez!gmail.com	Juan Paulo Gutierrez	1
(Unknown)	me!chr4.org	Chris Aumann	1
(Unknown)	anthonygalea!users.noreply.github.com	Anthony Galea	1
(Unknown)	mike!roe.st	Mike Roest	1
(Unknown)	burhan_abdi!hotmail.co.uk	Burhan Deniz Abdi	1
(Unknown)	toria.gibbs!gmail.com	Toria Gibbs	1
(Unknown)	jkassemi!users.noreply.github.com	James Kassemi	1
(Unknown)	harmw!users.noreply.github.com	Harm Weites	1
(Unknown)	quolix!users.noreply.github.com	Felix Hupfeld	1
(Unknown)	varun.kumar.patro!gmail.com	Varun Patro	1
(Unknown)	michael!michaelkelly.org	Michael Kelly	1
(Unknown)	techiscool!gmail.com	David Beck	1
(Unknown)	ezraroi!gmail.com	Roi Ezra	1
(Unknown)	marco.tulio!mtulio.eng.br	Marco Tulio R Braga	1
(Unknown)	sandor!zeestrataca.com	Sandor Zeestraten	1
(Unknown)	akopytov!gmail.com	Alexey Kopytov	1
(Unknown)	xaque208!gmail.com	Zach Leslie	1
(Unknown)	lufia!users.noreply.github.com	kadota kyohei	1
(Unknown)	reg!afefelov.ru	afefelov	1
(Unknown)	aead!mail.de	Andreas Auernhammer	1
(Unknown)	eric!eevn.io	Eric V	1
(Unknown)	jeeyoungk!users.noreply.github.com	Jeeyoung Kim	1
(Unknown)	callumj!users.noreply.github.com	Callum Jones	1
(Unknown)	emilianomartinezluque!yahoo.com.ar	emluque	1
(Unknown)	jtomusic!gmail.com	J. Taylor O'Connor	1
(Unknown)	jorritsalverda!users.noreply.github.com	Jorrit Salverda	1
(Unknown)	xuanhuy.do!linecorp.com	huydx	1
(Unknown)	docmentz!gmail.com	royels	1
(Unknown)	smyrman!gmail.com	Sindre Myren	1
(Unknown)	bswinnerton!gmail.com	Brooks Swinnerton	1
(Unknown)	marty.schoch!gmail.com	Marty Schoch	1
(Unknown)	francis.begyn!gmail.com	Theci	1
(Unknown)	github!ggl.ledeuns.net	Denis Fondras	1
(Unknown)	git!meo.ws	Katie Holly	1
(Unknown)	robertoguimaraes8!gmail.com	Roberto Oliveira	1
(Unknown)	wangguoqin1001!gmail.com	WANG Guoqin	1
(Unknown)	11783095+nrdmn!users.noreply.github.com	nrdmn	1
(Unknown)	jeffgreen!jpgit.com	Jeff Green	1
(Unknown)	mrbojangles3!gmail.com	Logan Blyth	1
(Unknown)	razmyslov!viva64.com	Svyatoslav	1
(Unknown)	pdinnen!gmail.com	Patrick Dinnen	1
(Unknown)	vedant15114!iiitd.ac.in	Vedant Nanda	1
(Unknown)	socketpair!gmail.com	МАРК КОРЕНБЕРГ	1
(Unknown)	maltefiala!produktion.io	Malte Fiala	1
(Unknown)	jaemyoun!gmail.com	Jaemyoun	1
(Unknown)	shehbazjaffer007!gmail.com	Shehbaz Jaffer	1
(Unknown)	lenz!grimmer.com	Lenz Grimmer	1
(Unknown)	mail+github!carlosribeiro.me	Kadu Ribeiro	1
(Unknown)	jweber!cofront.net	Jeff Weber	1
(Unknown)	jasuarez!igalia.com	Juan A. Suarez Romero	1
(Unknown)	gael.fenet.garde!gmail.com	Gaël Fenet-Garde	1
(Unknown)	nineseconds!yandex.ru	9seconds	1
(Unknown)	karel.striegel!ipc.be	Karel Striegel	1
(Unknown)	stavr.chris!gmail.com	Christos Stavrakakis	1
(Unknown)	jiangheng0511!gmail.com	jiangheng	1
(Unknown)	mail.ashishchandra!gmail.com	Ashish Chandra	1
(Unknown)	george.ryall!stfc.ac.uk	George Ryall	1
(Unknown)	lluis!pamies.cat	Lluis Pamies-Juarez	1
(Unknown)	paul!pogodan.com	Paul Meserve	1
(Unknown)	joe!nimbusscale.com	NimbusScale	1
(Unknown)	jpap!users.noreply.github.com	John Papandriopoulos	1
(Unknown)	github!adam-harper.com	Adam Harper	1
(Unknown)	bassobassista!gmail.com	Francesco Giannelli	1
(Unknown)	jakewins!gmail.com	Jacob Hansson	1
(Unknown)	highwayoflife!gmail.com	David Lewis	1
(Unknown)	matt.pryor!stfc.ac.uk	Matt Pryor	1
(Unknown)	courtney!crlog.info	zcourts	1
(Unknown)	evgeniy.klemin!gmail.com	Evgeniy Klemin	1
(Unknown)	sovrevage!gmail.com	Stian Øvrevåge	1
(Unknown)	dewet22!users.noreply.github.com	Dewet Diener	1
(Unknown)	dn!squareup.com	Daniel Nichter	1
(Unknown)	stephen!touset.org	Stephen Touset	1
(Unknown)	preston.doster!genoq.com	Preskton	1
(Unknown)	github!gelsey.com	Jon Gelsey	1
(Unknown)	jmwright798!gmail.com	Jordan Wright	1
(Unknown)	jdorfner!gmail.com	Johannes Dorfner	1
(Unknown)	c!chromakode.com	Max Goodman	1
(Unknown)	arturo!filasto.net	Arturo Filastò	1
(Unknown)	matthewayne!users.noreply.github.com	Matt Carroll	1
(Unknown)	samuelteixeiras!gmail.com	Samuel Teixeira	1
(Unknown)	rf!bamaru.de	René Föhring	1
(Unknown)	eascholtz!gmail.com	Eddie Scholtz	1
(Unknown)	misc!dmitryx.com	dmitryxcom	1
(Unknown)	extreme!1337.bg	Bogdan Kovachev	1
(Unknown)	maxkeil!gmail.com	m-keil	1
(Unknown)	olala7846!gmail.com	hsincheng Chao	1
(Unknown)	bleege!gmail.com	Brad Leege	1
(Unknown)	github!adamgeorge.com	Adam George	1
(Unknown)	studgeek!ubiqsoft.com	David Rees	1
(Unknown)	dario.nycjava!gmail.com	dariol	1
(Unknown)	bonnyfone!gmail.com	bonnyfone!gmail.com	1
