(Unknown)	andy!opennetworking.org	Andy Bavier	1840
(Unknown)	hartra344!users.noreply.github.com	Travis Harris	1820
(Unknown)	lee.byron!robinhood.com	Lee Byron	1541
(Unknown)	bmathus!cloudbees.com	Baptiste Mathus	1310
(Unknown)	josephp90!gmail.com	Joseph	735
(Unknown)	treeder!gmail.com	Travis Reeder	696
(Unknown)	avi!scylladb.com	Avi Kivity	479
(Unknown)	hzzh0301!gmail.com	Harry Zhang	451
(Unknown)	afeldman!netflix.com	Asher Feldman	316
(Unknown)	juan.vallejo.12!cnu.edu	juanvallejo	294
(Unknown)	hebad!vestas.com	Henrik Brix Andersen	223
NotFound	krzychb!gazeta.pl	krzychb	175
(Unknown)	pedronasser!gmail.com	Pedro Nasser	146
(Unknown)	trishankkarthik!users.noreply.github.com	Trishank Karthik Kuppusamy	142
(Unknown)	sanathkr!amazon.com	Sanath Kumar Ramesh	116
(Unknown)	brad.rydzewski!gmail.com	Brad Rydzewski	98
(Unknown)	dario!iptronix.com	Dario Pennisi	97
(Unknown)	alyssar!chromium.org	Alyssa Wilk	94
(Unknown)	yuvalif!yahoo.com	Yuval Lifshitz	83
(Unknown)	rgs!pinterest.com	Raúl Gutiérrez Segalés	73
(Unknown)	vallerylancey!gmail.com	Vallery Lancey	65
(Unknown)	antonio.mansilla!flagbit.de	Antonio Mansilla	65
(Unknown)	yury!magic.io	Yury Selivanov	52
(Unknown)	alpaix!outlook.com	Alex Panov	34
(Unknown)	mark!markdrayton.info	Mark Drayton	29
(Unknown)	braden.m.wright!gmail.com	Braden Wright	26
(Unknown)	le0michine!users.noreply.github.com	Leo	24
(Unknown)	jan.brauer!superluminar.io	Jan Brauer	21
(Unknown)	mherbert!talend.com	Mathieu Herbert	20
(Unknown)	martinloy.uy!gmail.com	Martin Loy	18
(Unknown)	julienduchesne!live.com	Julien Duchesne	18
(Unknown)	amy!users.noreply.github.com	Amy Chen	16
(Unknown)	acornies!gmail.com	Andrew Cornies	15
(Unknown)	31096144+nicolapaoli!users.noreply.github.com	Nicola Paoli	15
(Unknown)	chas!honton.org	Chas Honton	14
(Unknown)	nosonosonoso!gmail.com	Nozomi Ito	14
(Unknown)	cedric.luthi!gmail.com	Cédric Luthi	13
(Unknown)	tasha.drew!gmail.com	Tasha	13
(Unknown)	ferllarom!gmail.com	Fernando Llaca	12
(Unknown)	ast!fb.com	Alexei Starovoitov	12
(Unknown)	elifarley!users.noreply.github.com	Elifarley C	12
(Unknown)	ludovic.fernandez!zenika.com	Fernandez Ludovic	11
NotFound	codrut.gusoi!gmail.com	Codruț Constantin Gușoi	11
(Unknown)	armin.ruech!dynatrace.com	Armin Ruech	11
(Unknown)	krzysztof!espressif.com	Krzysztof Budzynski	11
(Unknown)	kurosawa7620!gmail.com	d-kuro	10
(Unknown)	daydream.yamazaki!gmail.com	Kei YAMAZAKI	10
NotFound	koooooge!gmail.com	koooge	10
NotFound	mail!okumin.com	okumin	10
(Unknown)	kivagant!gmail.com	Eugene Glotov	10
(Unknown)	akawamura!c-fo.com	Atsushi Kawamura	10
(Unknown)	mario.zagar!hotmail.com	Mario Zagar	9
(Unknown)	3329547+yuriipolishchuk!users.noreply.github.com	Yurii Polishchuk	9
(Unknown)	jon!cybus.co.uk	Jonathan Miles	9
(Unknown)	jhoward!alumni.utexas.net	Jay Howard	9
(Unknown)	joao.marcal12!gmail.com	João Marçal	9
(Unknown)	gupatel!ciena.com	gunjan5	9
(Unknown)	github-7574494a!infosecproject.org	George Angel	8
(Unknown)	npalash25!gmail.com	Palash Nigam	8
NotFound	ytaka23dev!gmail.com	TAKAHASHI Yuto	8
(Unknown)	wadahiro!gmail.com	Hiroyuki Wada	8
(Unknown)	autopp.inc!gmail.com	autopp	8
(Unknown)	greg!hackages.io	greg	8
(Unknown)	34275174+bertrandgouny!users.noreply.github.com	Bertrand	8
(Unknown)	supsup5642!gmail.com	Jungsub Shin	8
(Unknown)	c4milo!users.noreply.github.com	Camilo Aguilar	8
(Unknown)	ieradiri!esri.com	Idikoro Eradiri	8
(Unknown)	reda.housnialaoui!gmail.com	reda-alaoui	8
(Unknown)	krmayankk!users.noreply.github.com	krmayankk	8
NotFound	coles.david!gmail.com	David Coles	8
(Unknown)	awood45!gmail.com	Alex Wood	7
(Unknown)	frankensteinbot!gmail.com	ReadmeCritic	7
(Unknown)	ville.immonen!iki.fi	Ville Immonen	7
NotFound	sasezaki!gmail.com	sasezaki	7
(Unknown)	pascal!borreli.com	Pascal Borreli	7
NotFound	takassekiyoshi!gmail.com	takasek	7
(Unknown)	a!insvit.com	Alexey Volkov	7
(Unknown)	macrozone!gmail.com	Marco	7
(Unknown)	ymb002!bucknell.edu	Yash Bhutwala	7
(Unknown)	dimitris!opennetworking.org	Dimitrios Mavrommatis	7
(Unknown)	22419197+cschwendtner!users.noreply.github.com	Christian Schwendtner	6
(Unknown)	michael.hart.au!gmail.com	Michael Hart	6
(Unknown)	petermbenjamin!gmail.com	Peter Benjamin	6
(Unknown)	bodin.alex!gmail.com	Alexandre BODIN	6
NotFound	spiketeika!gmail.com	yui-knk	6
(Unknown)	tomas!dabasinskas.net	Tomas Dabasinskas	6
(Unknown)	sytse!gitlab.com	Sytse Sijbrandij	6
(Unknown)	drighetto!excellium-services.com	drighetto	6
(Unknown)	sol.plant!gmail.com	Sol	6
(Unknown)	dirkjanrutten!gmail.com	Dirk-Jan Rutten	6
(Unknown)	eloy.de.enige!gmail.com	Eloy Durán	6
(Unknown)	rcvanvo!gmail.com	Robert Van Voorhees	6
(Unknown)	splashx!users.noreply.github.com	Diogenes S. Jesus	6
(Unknown)	shatil!users.noreply.github.com	Shatil Rafiullah	6
(Unknown)	folyga!gmail.com	Vladimir Gordiychuk	6
(Unknown)	mail.sergey.kozlov!gmail.com	Sergey Kozlov	6
(Unknown)	sergey.nikulov!gmail.com	Sergei Nikulov	6
(Unknown)	jbroadhead!twitter.com	James Broadhead	6
(Unknown)	mkuzmin!gmail.com	Michael Kuzmin	6
(Unknown)	billf!uber.com	Bill Fumerola	6
(Unknown)	dev!j-k.io	06kellyjac	6
(Unknown)	chris!dutronlabs.com	Chris Dutra	6
(Unknown)	1098293+fonsecas72!users.noreply.github.com	Hugo Fonseca	6
(Unknown)	paunyh!signicat.com	Paul Nyheim	6
(Unknown)	larsgk!gmail.com	Lars Knudsen	6
(Unknown)	mathieu.bigorne!gmail.com	Mathieu Bigorne	6
(Unknown)	ssarjeetsingh!gmail.com	Sarjeet Singh	6
(Unknown)	daverick.in.bcn!gmail.com	daverick	6
(Unknown)	i!ihypo.net	Hypo	6
NotFound	andreas!rammhold.de	Andreas Rammhold	5
(Unknown)	cynipe!gmail.com	cynipe	5
(Unknown)	rohan!hustle.life	Rohan Singh	5
(Unknown)	github!bigdata-analyst.de	Stefan Thies	5
(Unknown)	andrewjjenkins!gmail.com	Andrew Jenkins	5
(Unknown)	langpavel!phpskelet.org	Pavel Lang	5
(Unknown)	vyacheslav.slinko!gmail.com	Vyacheslav Slinko	5
(Unknown)	ben!byk.im	Burak Yigit Kaya	5
(Unknown)	19608212+sandromodarelli!users.noreply.github.com	Sandro Modarelli	5
(Unknown)	jonathanbeber!gmail.com	Jonathan Juares Beber	5
(Unknown)	chantr4!gmail.com	chantra	5
(Unknown)	yacut!users.noreply.github.com	Roman Rogozhnikov	5
(Unknown)	michael!huettermann.net	michaelhuettermann	5
(Unknown)	joelhandwell!gmail.com	Joel Handwell	5
(Unknown)	haysclark!users.noreply.github.com	Hays Clark	5
(Unknown)	it.carlosrodlop!gmail.com	Carlos Rodriguez Lopez	5
(Unknown)	sfxworks!gmail.com	Samuel Walker	5
(Unknown)	matias.karhumaa!gmail.com	Matias Karhumaa	5
(Unknown)	stybla!turnovfree.net	Zdenek Styblik	5
(Unknown)	sverre!spacetec.no	Sverre Moe	5
(Unknown)	eric!puppet.com	Eric Sorenson	5
(Unknown)	artberger!users.noreply.github.com	Art	5
(Unknown)	advait123!ymail.com	Advait Bhatwadekar	5
(Unknown)	hharnisc!gmail.com	Harrison Harnisch	4
(Unknown)	mr.krasavtsev!gmail.com	Roman Krasavtsev	4
(Unknown)	dominik.frolic!gmail.com	Dominik Froehlich	4
(Unknown)	incognito!users.noreply.github.com	Brian Graham	4
(Unknown)	michymak!gmail.com	Michele Berardi	4
(Unknown)	eistrati!users.noreply.github.com	eistrati	4
(Unknown)	ben.lackey!outlook.com	Ben Lackey	4
(Unknown)	36203052+nicolasdenutte!users.noreply.github.com	Nicolas Denutte	4
(Unknown)	zt2!users.noreply.github.com	ztz	4
(Unknown)	5661982+thangbn!users.noreply.github.com	Bob - Bui Nguyen Thang	4
(Unknown)	zane!ugh.cloud	Zane Williamson	4
(Unknown)	christian.moesl!stud.sbg.ac.at	Christian Mösl	4
(Unknown)	torbjorn.vatn!unacast.com	Torbjørn Vatn	4
(Unknown)	michael.gaida!protonmail.com	Michael Gaida	4
(Unknown)	costa.rag!gmail.com	Ricardo Costa	4
(Unknown)	cornelius.keller!googlemail.com	Cornelius Keller	4
(Unknown)	mf!fornasa.it	Martino Fornasa	4
(Unknown)	itamar!redislabs.com	Itamar Haber	4
(Unknown)	jan.mara!googlemail.com	Jan Mara	4
(Unknown)	ricardofbarros!hotmail.com	Ricardo Barros	4
(Unknown)	simplesteph!users.noreply.github.com	Stephane Maarek	4
(Unknown)	edward.medvedev!gmail.com	Edward Medvedev	4
(Unknown)	morten!linderud.pw	Morten Linderud	4
(Unknown)	tammybutow!gmail.com	Tammy Butow	4
(Unknown)	james455096!gmail.com	lecopzer	4
(Unknown)	daniel.gronau!fh-erfurt.de	Daniel Gronau	4
(Unknown)	tommysdk!users.noreply.github.com	Tommy Tynjä	4
(Unknown)	dmportella!users.noreply.github.com	Daniel Portella	4
(Unknown)	kevin.nuckolls!gmail.com	Kevin Nuckolls	4
(Unknown)	borgified!gmail.com	borgified	4
(Unknown)	wuddarwin!gmail.com	Darwin D Wu	4
(Unknown)	alanranciato!gmail.com	Alan Ranciato	4
(Unknown)	tiagomendo!gmail.com	Tiago Mendo	4
(Unknown)	luwatson90!gmail.com	Luke Watson	4
(Unknown)	aayushrangwala!gmail.com	Ayush Rangwala	4
(Unknown)	yv!lifelink.ru	Yaroslav Verbin	4
(Unknown)	pacak.daniel!gmail.com	Daniel Pacak	4
(Unknown)	eldadru!gmail.com	Eldad Rudich	4
(Unknown)	celanthe!users.noreply.github.com	Kiran	4
(Unknown)	rrodriguezalcala!pinterest.com	Roberto Rodriguez Alcala	4
(Unknown)	douglaskippsmith!gmail.com	dougbtv	4
(Unknown)	rik.theunis!hotmail.com	Rik Theunis	4
(Unknown)	dmitry.zaets!gmail.com	Dmitry Zaets	4
NotFound	ekevoo!gmail.com	Ekevoo	4
(Unknown)	metalog!metalevel.net	Andrey Esipenko	4
(Unknown)	sateffen!users.noreply.github.com	sateffen	4
(Unknown)	j.markus.olsson!gmail.com	Markus Olsson	4
(Unknown)	hadrien-toma!users.noreply.github.com	Hadrien TOMA	3
(Unknown)	1752631+pires!users.noreply.github.com	Pires	3
(Unknown)	clsung!gmail.com	Cheng-Lung Sung	3
(Unknown)	robroseknows!gmail.com	Robert Rose	3
(Unknown)	k.bigwheel+eng!gmail.com	k.bigwheel	3
(Unknown)	janos.matyas!gmail.com	Janos Matyas	3
(Unknown)	joliss42!gmail.com	Jo Liss	3
(Unknown)	guilhermebr!gmail.com	Guilherme Rezende	3
(Unknown)	clay.allsopp!gmail.com	Clay Allsopp	3
(Unknown)	brunolemos!users.noreply.github.com	Bruno Lemos	3
(Unknown)	cameron.taggart!gmail.com	Cameron Taggart	3
(Unknown)	henry.oswald!sharelatex.com	Henry Oswald	3
(Unknown)	nick!nickperry.co.uk	Nick Perry	3
(Unknown)	8977984+ggmaresca!users.noreply.github.com	Gerard Godone-Maresca	3
(Unknown)	17928966+ogkevin!users.noreply.github.com	Kevin Hellemun	3
(Unknown)	armab!users.noreply.github.com	Eugen C	3
(Unknown)	kevin.houdebert!gmail.com	Kevin Houdebert	3
(Unknown)	pbalogh-sa!users.noreply.github.com	Peter Balogh	3
(Unknown)	grandis.hebitombo!gmail.com	gen	3
(Unknown)	vvbogdanov87!gmail.com	Viktor Bogdanov	3
(Unknown)	den-is!users.noreply.github.com	Denis Iskandarov	3
(Unknown)	r.ghost.asp!gmail.com	Roman M	3
(Unknown)	ilya.reva!gmail.com	Elijah	3
(Unknown)	marcosbrasilaraujo!gmail.com	Vinicius Brasil	3
NotFound	sharnoby3!gmail.com	Sharno	3
(Unknown)	agam!comfylabs.io	Agam Dua	3
(Unknown)	tnotstar!gmail.com	Antonio Alvarado Hernandez	3
(Unknown)	ju.pryz!gmail.com	Julien Fabre	3
(Unknown)	eightlimbed!gmail.com	Lee Gaines	3
(Unknown)	tyamada!minimum2scp.org	YAMADA Tsuyoshi	3
(Unknown)	joppa27!users.noreply.github.com	Idi Eradiri	3
(Unknown)	minamijoyo!gmail.com	Masayuki Morita	3
(Unknown)	stevehorsfield!users.noreply.github.com	stevehorsfield	3
(Unknown)	kataras2006!hotmail.com	Gerasimos (Makis) Maropoulos	3
(Unknown)	dragoonis!gmail.com	Paul Dragoonis	3
(Unknown)	sitnikov.vladimir!gmail.com	Vladimir Sitnikov	3
(Unknown)	thomasleveil!gmail.com	Thomas LEVEIL	3
(Unknown)	david!carboni.io	David Carboni	3
(Unknown)	rvadai!segence.com	R Vadai	3
(Unknown)	lparadzhanyan!eastbanctech.com	Levon Paradzhanyan	3
(Unknown)	timocov!gmail.com	Eugene Timokhov	3
(Unknown)	mit4dev!gmail.com	Mit Naria	3
(Unknown)	olga.maciaszek!gmail.com	Olga Maciaszek-Sharma	3
(Unknown)	emuellenbach!gmx.de	Eric Muellenbach	3
(Unknown)	andreas_schilling!gmx.net	Andreas Schilling	3
(Unknown)	omer.van.kloeten!gmail.com	Omer van Kloeten	3
(Unknown)	chris.chrysostom!gmail.com	Chris Chrysostom	3
(Unknown)	geoff.flarity!gmail.com	Geoff Flarity	3
(Unknown)	gfleury!gmail.com	George Fleury	3
(Unknown)	romanetti!gmail.com	Nicolas Romanetti	3
(Unknown)	grambo!grambo.me.uk	Graeme Coupar	3
(Unknown)	maruf.2hin!gmail.com	Maruf Tuhin	3
(Unknown)	rullaf!gmail.com	Mikulas Dite	3
(Unknown)	inthecloud247!gmail.com	John Albietz	3
(Unknown)	aleksandar.topuzovic!gmail.com	Aleksandar Topuzovic	3
(Unknown)	sanjana!onlab.us	Sanjana Agarwal	3
(Unknown)	eng.jefersonsantiago!gmail.com	Jeferson Santiago da Silva	3
(Unknown)	kamijin!live.jp	kamijin_fanta	3
(Unknown)	doubledense!gmail.com	Buttetsu Batou	3
(Unknown)	calaniz!squareup.com	Cesar Alaniz	3
(Unknown)	martin.ehmke!gmail.com	Martin Ehmke	3
(Unknown)	dictav!gmail.com	Shintaro Abe	3
(Unknown)	1147229+genome21!users.noreply.github.com	Robert Wilkins III	2
NotFound	ty.w.martin!gmail.com	twmartin	2
(Unknown)	pavanagrawal!outlook.com	pavanagrawal123	2
(Unknown)	paulo!faastruby.io	Paulo Arruda	2
(Unknown)	brian.woodward!gmail.com	doowb	2
(Unknown)	sambattalio99!gmail.com	Sam Battalio	2
(Unknown)	koiker!users.noreply.github.com	Rafael M. Koike	2
(Unknown)	moilanen.tapani!gmail.com	Tapani Moilanen	2
(Unknown)	swapdisk!users.noreply.github.com	swapdisk	2
(Unknown)	sendai!swordsaint.net	Andras Spitzer	2
(Unknown)	rajveer0malviya!gmail.com	Rajveer Malviya	2
(Unknown)	ilyaxa1!gmail.com	Ilya Galimyanov	2
(Unknown)	a.korzhevskiy!gmail.com	Andrei Korzhevskii	2
(Unknown)	wcgwuxinwei!gmail.com	Mark Woo	2
(Unknown)	joan!goyeau.com	Joan Goyeau	2
(Unknown)	asdine.elhrychy!gmail.com	Asdine El Hrychy	2
(Unknown)	hello!tej.as	Tejas Kumar	2
(Unknown)	brenocalazans!gmail.com	Breno Calazans	2
(Unknown)	tgravity!viv.ai	theogravity	2
(Unknown)	sekine_y_529!msn.com	aha-oretama	2
(Unknown)	r.galler!paycasso.com	Radzislaw Galler	2
(Unknown)	lynn_luu!intuit.com	Lynn Luu	2
(Unknown)	jeffweilee!gmail.com	Jeff Lee Wei Che	2
(Unknown)	tobeg3oogle!gmail.com	tobe	2
(Unknown)	jason-cooke!users.noreply.github.com	Jason Cooke	2
(Unknown)	exaspark!gmail.com	exAspArk	2
(Unknown)	hagai.co!gmail.com	Hagai Cohen	2
(Unknown)	shawnthe1!gmail.com	shawn wang	2
(Unknown)	renaudeau.gaetan!gmail.com	Gaëtan Renaudeau	2
(Unknown)	mateuszzatorski!gmail.com	Mateusz Zatorski	2
(Unknown)	denvned!gmail.com	Denis Nedelyaev	2
(Unknown)	30057178+pyojo!users.noreply.github.com	Pyojo	2
(Unknown)	praveend.web!gmail.com	Praveen Durairaj	2
(Unknown)	ricardofmportugal!gmail.com	Ricardo Portugal	2
(Unknown)	arijit24!gmail.com	Arajit Samanta	2
(Unknown)	doug!neverfear.org	Doug Lawrie	2
(Unknown)	kevin.t.sweeney!gmail.com	Kevin Sweeney	2
(Unknown)	bmhatfield!gmail.com	Brian Hatfield	2
(Unknown)	pumano!gmail.com	Dmitry Zakharov	2
(Unknown)	philneaton95!gmail.com	Phil Eaton	2
(Unknown)	ichigo.735!gmail.com	Ikki SHOKA	2
(Unknown)	nate.finch!gmail.com	Nate Finch	2
(Unknown)	jan.krems!groupon.com	Jan Krems	2
(Unknown)	jorwalk!gmail.com	Jordan Walker	2
(Unknown)	minudika001!gmail.com	minudika	2
(Unknown)	jhmartin!toger.us	Jason Martin	2
(Unknown)	walter!adroll.com	Walter King	2
(Unknown)	anton!antonbabenko.com	Anton Babenko	2
(Unknown)	notarobot!nextrevision.net	nextrevision	2
(Unknown)	philipp.press!googlemail.com	Philipp Preß	2
(Unknown)	uzy.exe!gmail.com	uzyexe	2
(Unknown)	m!tthieu.fr	Matthieu Fronton	2
(Unknown)	jorgeng87!gmail.com	Jorge Núñez	2
(Unknown)	steev!initsix.co.uk	steev	2
(Unknown)	javier.ramos.felix!gmail.com	Javier Ramos	2
(Unknown)	alan!segment.com	Alan Braithwaite	2
(Unknown)	tili!linkedin.com	tili	2
(Unknown)	helloyou2012!yeah.net	HelloYou	2
(Unknown)	imdurgadas!gmail.com	Durgadas Kamath	2
(Unknown)	arkadiusz.ostrycharz!gmail.com	Arius	2
(Unknown)	bunnyyiu!users.noreply.github.com	Bunny Yiu	2
(Unknown)	francois.samin!gmail.com	François SAMIN	2
(Unknown)	reda-alaoui!users.noreply.github.com	Réda Housni Alaoui	2
(Unknown)	olga!devskiller.com	OlgaMaciaszek	2
(Unknown)	uri!urishaked.com	Uri Shaked	2
(Unknown)	gclaybur!comcast.net	Gary Clayburg	2
(Unknown)	mika.kaukoranta!gmail.com	Mika Kaukoranta	2
(Unknown)	gustaf.dalemar!gmail.com	DLMR	2
(Unknown)	gerasimovvs!yahoo.com	Vladislav Gerasimov	2
(Unknown)	enyone!phnet.fi	Juho Tykkälä	2
(Unknown)	mohammad10596!gmail.com	Mohammed Al-Ameen	2
(Unknown)	mrmcmuffinz!users.noreply.github.com	Abe	2
(Unknown)	igor.ognichenko!fireblink.com	Igor Ognichenko	2
(Unknown)	pascal.gruen!gmail.com	Pascal	2
(Unknown)	jerry.boyang.peng!gmail.com	Boyang Jerry Peng	2
(Unknown)	rajudawadinp!gmail.com	dwdraju	2
(Unknown)	z11111001011!gmail.com	Mizuki Urushida	2
(Unknown)	ranasheel2000!gmail.com	Sheel Rana	2
(Unknown)	vaibhav.singh.14cse!bml.edu.in	Vaibhav Singh	2
(Unknown)	gruchikvlad!gmail.com	Gruchik Vladislav	2
(Unknown)	flouthoc!users.noreply.github.com	flouthoc	2
(Unknown)	emailryanstephen!gmail.com	Ryan Stephen	2
(Unknown)	kron82!gmail.com	Artiom Diomin	2
NotFound	yumino99!gmail.com	umiyosh	2
(Unknown)	chessbyte!gmail.com	Oleg Barenboim	2
(Unknown)	oberger!ouvaton.org	Olivier Berger	2
(Unknown)	mariano!smallstep.com	Mariano Cano	2
(Unknown)	y2.k2mt!gmail.com	y2k2mt	2
(Unknown)	f!users.noreply.github.com	Fatih Kadir Akın	2
(Unknown)	vbaybekov!gmail.com	buybackoff	2
(Unknown)	jakob.linskeseder!gmail.com	Jakob Linskeseder	2
(Unknown)	pete.a.nykanen!gmail.com	Pete Nykänen	2
(Unknown)	tiangolo!gmail.com	Sebastián Ramírez	2
(Unknown)	danmichaelo!gmail.com	Dan Michael O. Heggø	2
(Unknown)	clakech!users.noreply.github.com	Cyril Lakech	2
(Unknown)	timwangdev!gmail.com	Tim Wang	2
(Unknown)	masudjuly02!gmail.com	Masudur Rahman	2
(Unknown)	shawn!milochik.com	Shawn Milochik	2
(Unknown)	atit.jain!caviumnetworks.com	Atit Jain	2
(Unknown)	joseph.m.ching!gmail.com	gspindles	2
(Unknown)	debasish.sahoo1998!gmail.com	Debasish Sahoo	2
(Unknown)	josh!sysmgr.org	Joshua M. Clulow	2
(Unknown)	geniusharshit!gmail.com	Harshit Sharma	2
(Unknown)	amisra14!yahoo.co.uk	Aditya Misra	2
(Unknown)	albertogviana!gmail.com	Alberto Guimarães Viana	2
(Unknown)	lisa.yc.huang!gmail.com	Lisa Huang	2
(Unknown)	csemp!outlook.com	CarltonSemple	2
(Unknown)	lenijuan!gmail.com	Juan Leni	2
(Unknown)	number.dot.ten!gmail.com	jesse	2
(Unknown)	sqisher!users.noreply.github.com	Daniel Bechler	2
(Unknown)	shamrin!gmail.com	Alexey Shamrin	2
(Unknown)	saumay.agrawal!gmail.com	Saumay Agrawal	2
(Unknown)	maxime.robert1992!gmail.com	Maxime ROBERT	2
(Unknown)	armaseg!gmail.com	Armando Segnini	2
(Unknown)	ervansetiawan!gmail.com	Ervan Setiawan	2
(Unknown)	wilhelm.perdahl!gmail.com	Wilhelm Perdahl	2
(Unknown)	wnoliveira!ucs.br	Wenderson Oliveira	2
(Unknown)	brainstorm!nopcode.org	Roman Valls Guimera	2
(Unknown)	tnn!netbsd.org	Tobias Nygren	2
(Unknown)	oliverjamestomlinson!gmail.com	Oliver Tomlinson	1
(Unknown)	d.dizhevskiy!gmail.com	Dmitry Dizhevsky	1
(Unknown)	265229+stevencasey!users.noreply.github.com	steven casey	1
(Unknown)	colin.mccarthy80501!gmail.com	Colin McCarthy	1
(Unknown)	christian!dx.no	Christian Sakshaug	1
(Unknown)	jannik.hollenbach!iteratec.de	Jannik Hollenbach	1
(Unknown)	ellieniwru!hotmail.co.uk	Andrew Urwin	1
(Unknown)	jumpei-miyata!cybozu.co.jp	jumpei-miyata	1
(Unknown)	samhjelmfelt!yahoo.com	Sam Hjelmfelt	1
(Unknown)	alexander!klimetschek.de	Alexander Klimetschek	1
(Unknown)	suryaj!gmail.com	suryajak	1
(Unknown)	michael.marth!gmail.com	Michael Marth	1
(Unknown)	priteshchandaliya!gmail.com	Pritesh Chandaliya	1
(Unknown)	gnemtsov!gmail.com	Nemtsov Georgiy	1
(Unknown)	jaswilli!gmail.com	Jason Williams	1
(Unknown)	eliran013!gmail.com	Eliran Pe'er	1
(Unknown)	purefan!users.noreply.github.com	Miguel Espinoza	1
(Unknown)	martysweet!users.noreply.github.com	Marty Sweet	1
(Unknown)	zhukovaa90!gmail.com	Alexander Zhukov	1
(Unknown)	waltervargas!gmail.com	Walter Vargas	1
(Unknown)	maxcnunes!gmail.com	Max Claus Nunes	1
(Unknown)	vitor.tadashi!outlook.com	Vitor Tadashi	1
(Unknown)	r.levensalor!cablelabs.com	Randy Levensalor	1
(Unknown)	pierrick.gicquelais!epitech.eu	Pierrick Gicquelais	1
(Unknown)	ariehkovler!gmail.com	Arieh Kovler	1
(Unknown)	altsang!users.noreply.github.com	Al Tsang	1
(Unknown)	38390734+goldberg10!users.noreply.github.com	goldberg10	1
(Unknown)	41212435+tk2929!users.noreply.github.com	tk2929	1
(Unknown)	lz.llcb07!alibaba-inc.com	Zhang, Lei	1
(Unknown)	jose.monkey.org!gmail.com	jose nazario	1
(Unknown)	ymmt!cybozu.com	ymmt	1
(Unknown)	davissp14!gmail.com	Shaun Davis	1
(Unknown)	rpatel.com!gmail.com	Rushit	1
(Unknown)	bts!gmail.com	Brian Schroeder	1
(Unknown)	salvador.joseluis!gmail.com	José Luis Salvador Rufo	1
(Unknown)	foxwilson123!gmail.com	Fox Wilson	1
(Unknown)	github!helfinstein.com	Ruth Helfinstein	1
(Unknown)	michaelehagar!gmail.com	mehagar	1
(Unknown)	daljeetv!gmail.com	Daljeet Virdi	1
(Unknown)	rieske!users.noreply.github.com	Vaidotas Valuckas	1
(Unknown)	raphael.geronimi!gmail.com	Raphael Geronimi	1
(Unknown)	andrey.dyachkov!gmail.com	Andrey Dyachkov	1
(Unknown)	aponniah!linkedin.com	Arun Ponniah Sethuramalingam	1
(Unknown)	anmonteiro!gmail.com	António Nuno Monteiro	1
(Unknown)	nilan.marktanner!student.kit.edu	Nilan Marktanner	1
(Unknown)	iamaldi!users.noreply.github.com	Aldi	1
(Unknown)	xpepermint!users.noreply.github.com	Kristijan Sedlak	1
(Unknown)	alexisjohnvincent!gmail.com	Alexis Vincent	1
(Unknown)	mattmuelle!gmail.com	Matthew Mueller	1
(Unknown)	benjamin.encz!gmail.com	Benjamin Encz	1
(Unknown)	me!leonardograsso.com	Leonardo Grasso	1
(Unknown)	y.matsu.on.twitter!gmail.com	y-matsuwitter	1
(Unknown)	ngiallelis!travelplanet24.com	Nikos Giallelis	1
(Unknown)	abhikumar163!gmail.com	AbhishekKr	1
(Unknown)	ahsandar!users.noreply.github.com	Ahsan Nabi Dar	1
(Unknown)	33039504+ashera138!users.noreply.github.com	Lauren Van Sloun	1
(Unknown)	co000ri!gmail.com	ksss	1
(Unknown)	sovioletta!gmail.com	Jaewon Kwak	1
(Unknown)	tt.izawa!gmail.com	moccos	1
(Unknown)	augusto!becciu.org	Augusto Becciu	1
(Unknown)	mazerty!gmail.com	Mazerty	1
(Unknown)	jgunnink!gmail.com	JK Gunnink	1
(Unknown)	andras.toth!risingstack.com	Andras Toth	1
(Unknown)	bupychuk1989!gmail.com	bupychuk	1
(Unknown)	sabithksme!gmail.com	Sabith Karippullil Soopy	1
(Unknown)	pka!sourcepole.ch	Pirmin Kalberer	1
(Unknown)	jamespaulmoriarty!gmail.com	James Moriarty	1
(Unknown)	jontyusborne!users.noreply.github.com	JontyUsborne	1
(Unknown)	olivier.tassinari!gmail.com	Olivier Tassinari	1
(Unknown)	victorc.rodrigues!gmail.com	Victor Rodrigues	1
(Unknown)	post!einarlove.com	Einar Löve	1
(Unknown)	me!azimi.me	Mohsen Azimi	1
(Unknown)	mail!richard-musiol.de	Richard Musiol	1
(Unknown)	abumalick!users.noreply.github.com	abumalick	1
(Unknown)	sibeliusseraphini!gmail.com	Sibelius Seraphini	1
(Unknown)	joe.lencioni!brigade.com	Joe Lencioni	1
(Unknown)	jturkel!salsify.com	Joel Turkel	1
(Unknown)	samerbuna!users.noreply.github.com	Samer Buna	1
(Unknown)	sid88in!gmail.com	Siddharth Gupta	1
(Unknown)	sid.gupta!glassdoor.com	sid.gupta	1
(Unknown)	mohamedismatlinkedin!gmail.com	modysseus	1
(Unknown)	albernazmiguel!gmail.com	Miguel Albernaz	1
(Unknown)	jamesmacaulay!users.noreply.github.com	James MacAulay	1
(Unknown)	shc410!gmail.com	Sherman Chen	1
(Unknown)	tychota!users.noreply.github.com	TychoTa	1
(Unknown)	tgvashworth!gmail.com	Tom Ashworth	1
(Unknown)	tzook!users.noreply.github.com	Tzook Shaked	1
(Unknown)	sam!garno.me	Samuel Garneau	1
(Unknown)	me!pluma.io	Alan Plum	1
(Unknown)	davidyaha!gmail.com	David Yahalomi	1
(Unknown)	nik!nikgraf.com	Nik Graf	1
(Unknown)	dmnd!desmondbrand.com	Desmond Brand	1
(Unknown)	bogdan.bivolaru!gmail.com	Bogdan Bivolaru	1
(Unknown)	github!nafn.de	Malte Krupa	1
(Unknown)	uday.ruddarraju!robinhood.com	Uday Ruddarraju	1
(Unknown)	maxime.rihouey!gmail.com	Maxime Rihouey	1
(Unknown)	vladimir!varank.in	Vladimir Varankin	1
(Unknown)	andrey!nehaychik.name	Andrey Nehaychik	1
(Unknown)	italo.i!live.com	Italo José	1
(Unknown)	yannis.weishaupt!outlook.com	Yannis Weishaupt	1
(Unknown)	timothee.cour2!gmail.com	Timothee Cour	1
(Unknown)	bogdan!opanchuk.net	Bogdan Opanchuk	1
(Unknown)	maestretti+git!gmail.com	Alex Maestretti	1
(Unknown)	baloo!gandi.net	Arthur Gautier	1
(Unknown)	chantra!fb.com	Emmanuel Bretelle	1
(Unknown)	info!cagataygurturk.com	Çağatay Gürtürk	1
(Unknown)	johan!dewe.net	Johan Dewe	1
(Unknown)	thangchung!ymail.com	Thang Chung	1
(Unknown)	tj!travisjeffery.com	Travis Jeffery	1
(Unknown)	d1mnewz!gmail.com	Dmytro Zhluktenko	1
(Unknown)	jonah!jonahgeorge.com	Jonah George	1
(Unknown)	yborovikov!users.noreply.github.com	Yegor Borovikov	1
(Unknown)	didier.fort!gmail.com	Didier Fort	1
(Unknown)	jed-frey!users.noreply.github.com	Jed Frey	1
(Unknown)	jrt!hodgepig.org	Toby Jaffey	1
(Unknown)	pickgr!users.noreply.github.com	Garret Pick	1
(Unknown)	sam.crang!gmail.com	Sam Crang	1
(Unknown)	eric.krupnik!docenthealth.com	Eric Krupnik	1
(Unknown)	dthagard!gmail.com	Dan Thagard	1
(Unknown)	geharold!gmail.com	Gepser Hoil	1
(Unknown)	dan.webb!damacus.io	Dan Webb	1
(Unknown)	socialtr!gmail.com	Thomas Reggi	1
(Unknown)	jfromaniello!gmail.com	José F. Romaniello	1
(Unknown)	ross!barricade.io	Ross Duggan	1
(Unknown)	matsuura!nulab-inc.com	YuusukeMatsuura	1
(Unknown)	mleventi!gmail.com	Matthew Leventi	1
(Unknown)	tobiasfuruholm!gmail.com	Tobias Furuholm	1
(Unknown)	cervator!gmail.com	Rasmus Praestholm	1
(Unknown)	bruno.laturner!gmail.com	Bruno Laturner	1
(Unknown)	baev.dm!gmail.com	Dmitry Baev	1
(Unknown)	dale.wijnand!gmail.com	Dale	1
(Unknown)	daroczig!rapporter.net	Gergely Daroczi (!daroczig)	1
(Unknown)	sam.verschueren!gmail.com	Sam Verschueren	1
(Unknown)	carstenenglert!gmx.net	Carsten Englert	1
(Unknown)	joe.siewert!gmail.com	Joe Siewert	1
(Unknown)	adrai!users.noreply.github.com	Adriano Raiano	1
(Unknown)	dejan2609!gmail.com	dejan2609	1
(Unknown)	vincent.daniel.info!gmail.com	Vincent Daniel	1
(Unknown)	dev!hawks008.dyndns.org	theminecoder	1
(Unknown)	roman.stepan4yk!gmail.com	Roman Stepanchuk	1
(Unknown)	name.alari!gmail.com	Dmitry Kurinskiy	1
(Unknown)	sychewo!gmail.com	ycavatars	1
(Unknown)	aleksei.bulgak!gmail.com	Aleksei Bulgak	1
(Unknown)	ianfixes!gmail.com	Ian	1
(Unknown)	jgfarias42!gmail.com	João Farias	1
(Unknown)	xn137!users.noreply.github.com	Christopher Lambert	1
(Unknown)	573824+ankitml!users.noreply.github.com	Ankit	1
(Unknown)	tuomo.jokimies!gmail.com	Tuomo Jokimies	1
(Unknown)	tobias.pflug!holidaycheck.com	Tobias Pflug	1
(Unknown)	tomylobo!nurfuerspam.de	TomyLobo	1
(Unknown)	lloydmeta!gmail.com	Lloyd	1
(Unknown)	mjb!marb.ec	Mark J. Becker	1
(Unknown)	kthornhill!twitch.tv	Keith Thornhill	1
(Unknown)	markusschulte.work!gmail.com	Markus Schulte	1
(Unknown)	wilsonmar+github!gmail.com	Wilson Mar	1
(Unknown)	yoshimoto!intra-mart.jp	daisuke-yoshimoto	1
(Unknown)	gonzalesraul!users.noreply.github.com	Raul Gonzales	1
(Unknown)	soukup.z!email.cz	Zdeněk Soukup	1
(Unknown)	sebastiengllmt!gmail.com	Sebastien Guillemot	1
(Unknown)	ndimiduk!gmail.com	Nick Dimiduk	1
(Unknown)	wes.couch!blackboard.com	Wes Couch	1
(Unknown)	svetoslav.enchev!gmail.com	Svetoslav Enchev	1
(Unknown)	mjdietzx!gmail.com	Michael Dietz	1
(Unknown)	clemens.utschig-utschig!boehringer-ingelheim.com	clemensutschig	1
(Unknown)	istvan.pato!vanio.hu	Pato Istvan	1
(Unknown)	fmarot!users.noreply.github.com	Francois Marot	1
(Unknown)	rubarax!gmail.com	rubarax	1
(Unknown)	robert.vincent!conning.com	Robert Vincent	1
(Unknown)	email!kevinhankens.com	Kevin Hankens	1
(Unknown)	tstibbs!users.noreply.github.com	tstibbs	1
(Unknown)	zane.williamson!gmail.com	Zane	1
(Unknown)	klaus.azesberger!gmail.com	Klaus Azesberger	1
(Unknown)	georg.oettl!infonova.com	Georg Öttl	1
(Unknown)	denzs!gonicus.de	Sebastian Denz	1
(Unknown)	antoine!gourlay.fr	Antoine Gourlay	1
(Unknown)	matsuu!gmail.com	MATSUU Takuto	1
(Unknown)	github!ulo.pe	Ulrich Petri	1
(Unknown)	32829230+mcpersiko!users.noreply.github.com	Mark Persiko	1
(Unknown)	ryanguest!gmail.com	Ryan Guest	1
(Unknown)	grzegorz.dubicki!gmail.com	Grzegorz Dubicki	1
(Unknown)	anton.panasenko!gmail.com	Anton Panasenko	1
(Unknown)	grier!squareup.com	Grier Johnson	1
(Unknown)	bernardosilveiravale!gmail.com	Bernardo Vale	1
(Unknown)	peter-evans!users.noreply.github.com	Peter Evans	1
(Unknown)	jonjam1990!googlemail.com	Jonathan Harrison	1
(Unknown)	tcneyland!gmail.com	Tom Neyland	1
(Unknown)	seshadri.mahalingam!gmail.com	Seshadri Mahalingam	1
(Unknown)	rcmova!gmail.com	Roberto C. Morano	1
(Unknown)	quietwalter!gmail.com	Walter Lee	1
(Unknown)	sunjay!users.noreply.github.com	Sunjay Varma	1
(Unknown)	45974033+gaelleacas!users.noreply.github.com	Khaly DeThylis	1
(Unknown)	ktokunaga.mail!gmail.com	ktock	1
(Unknown)	5635139+max-sixty!users.noreply.github.com	Maximilian Roos	1
(Unknown)	it-praktyk!users.noreply.github.com	Wojciech Sciesinski	1
(Unknown)	bluewolf.chung!gmail.com	Eugene Chung	1
(Unknown)	ymmt2005!gmail.com	Yamamoto, Hirotaka	1
(Unknown)	david!keitel.ca	David Keitel	1
(Unknown)	johannes.unterstein!neotechnology.com	Johannes Unterstein	1
(Unknown)	deepakpunjabi13!gmail.com	Deepak Punjabi	1
(Unknown)	jrab66!users.noreply.github.com	Jose Barahona	1
(Unknown)	daverick.inb.cn+github!gmail.com	David Ricordel	1
(Unknown)	roivazquez!gmail.com	roi	1
(Unknown)	enra!sayonika.moe	Kibo Hikari	1
(Unknown)	arthtux!gmail.com	Arthur Deschamps	1
(Unknown)	johann!gyger.name	Johann Gyger	1
(Unknown)	corytu!users.noreply.github.com	Yu-Zhen Tu	1
(Unknown)	88.marco!gmail.com	Marco Palladino	1
(Unknown)	un.pensiero.vano!gmail.com	¯\_(ツ)_/¯	1
(Unknown)	thewilliamchia!gmail.com	William Chia	1
(Unknown)	gabriel!kohenfamily.net	Gabriel Kohen	1
(Unknown)	aidamina!gmail.com	Tjeerd Jan van der Molen	1
(Unknown)	volkertb!users.noreply.github.com	Volkert de Buisonjé	1
(Unknown)	jfeasel!gmail.com	Jake Feasel	1
(Unknown)	jwmatthews!gmail.com	John Matthews	1
(Unknown)	premsankar!gmail.com	gpremsankar	1
(Unknown)	dturner!twitter.com	David Turner	1
(Unknown)	amokashi!twitter.com	Aniket Mokashi	1
(Unknown)	alexandre.nuttinck!cetic.be	Alexandre Nuttinck	1
(Unknown)	aochagavia92!gmail.com	Adolfo Ochagavía	1
(Unknown)	sebastiantiedtke!gmail.com	Sebastian Tiedtke	1
(Unknown)	debugsteven!gmail.com	J Haigh	1
(Unknown)	val!zbla.net	Laurent Vallar	1
(Unknown)	drhuffman12!yahoo.com	Daniel Huffman	1
(Unknown)	mateuszwieloch!gmail.com	Mateusz Wieloch	1
(Unknown)	yoshiyuki.tsuchida.k!gmail.com	at_grandpa	1
(Unknown)	rogeriozambon!gmail.com	Rogério Zambon	1
(Unknown)	lucas_masterclas!hotmail.com	Lucas Ocon	1
(Unknown)	katsaouniss!gmail.com	Stamatis Katsaounis	1
(Unknown)	sergey.kolychev!whitehatsec.com	Sergey Kolychev	1
(Unknown)	iannelson1!gmail.com	Ian Nelson	1
(Unknown)	djalal!users.noreply.github.com	djalal	1
(Unknown)	michaelhood!gmail.com	Michael Hood	1
(Unknown)	matthew.irish!gmail.com	Matthew Irish	1
(Unknown)	bryan!fourthtime.com	bryannaegele	1
(Unknown)	jradosz!gmail.com	Jarek Radosz	1
(Unknown)	aaronjensen!gmail.com	Aaron Jensen	1
(Unknown)	a.kirszenberg!gmail.com	Alexandre Kirszenberg	1
(Unknown)	5260247+jpmondet!users.noreply.github.com	jpmondet	1
(Unknown)	eliecerhdz!gmail.com	EliuX	1
(Unknown)	abdennebi!gmail.com	Abdennebi Mohamed	1
(Unknown)	rjonnadu!linkedin.com	Ravi Jonnadula	1
(Unknown)	tifayuki!gmail.com	tifayuki	1
(Unknown)	tomtastic!users.noreply.github.com	Tom Matthews	1
(Unknown)	github!nexwebsites.com	Nexus Web Development	1
(Unknown)	singhsince94!gmail.com	Dilpreet Singh	1
(Unknown)	40236624+infiniteoverflow!users.noreply.github.com	Aswin Gopinathan	1
(Unknown)	nitanshu.vzard!gmail.com	nvzard	1
(Unknown)	prnvdixit!gmail.com	Pranav Dixit	1
(Unknown)	rupeshiya!gmail.com	Rupesh Krishna Jha	1
(Unknown)	nathen78906!gmail.com	Nathan Seebarran	1
(Unknown)	srivastava.vikash!outlook.com	Vikash Srivastava	1
(Unknown)	amrish.kushwaha!mayadata.io	Amrish Kushwaha	1
(Unknown)	32087475+c-society!users.noreply.github.com	Chirayu Kapoor	1
(Unknown)	shendrekbharath!gmail.com	shendrekbharath	1
(Unknown)	akshitsarin99!gmail.com	Akshit Sarin	1
(Unknown)	aj07!users.noreply.github.com	ankit raj	1
(Unknown)	shovanc.web!gmail.com	Shovan Chatterjee	1
(Unknown)	deepakjpkodlekere!gmail.com	Deepak Jayaprakash	1
(Unknown)	chandler!chandlerweiner.com	Chandler Weiner	1
(Unknown)	aakash.agarwal2602!gmail.com	Aakash Agarwal	1
(Unknown)	andrew.nester.dev!gmail.com	Andrew Nester	1
(Unknown)	aris!nm.gist.ac.kr	Aris C. Risdianto	1
(Unknown)	michael.collis!blueapron.com	Michael Collis	1
(Unknown)	vukic.kresimir!gmail.com	kvukic	1
(Unknown)	mazurkin!gmail.com	Nickolay Mazurkin	1
(Unknown)	kbinani.bt!gmail.com	kbinani	1
(Unknown)	clownpriest!gmail.com	Arthur Elliott	1
(Unknown)	dani.caba!gmail.com	Daniel Caballero	1
(Unknown)	pascal!quies.net	Pascal S. de Kloe	1
(Unknown)	t3hnar!users.noreply.github.com	Yaroslav Klymko	1
(Unknown)	cenk.akin91!gmail.com	cenk akın	1
(Unknown)	cesliens!gmail.com	Célien Nanson	1
(Unknown)	lig!users.noreply.github.com	Serge Matveenko	1
(Unknown)	tiago_reichert!hotmail.com.br	Tiago Miguel Reichert	1
(Unknown)	pjhampton!users.noreply.github.com	Peter Hampton	1
(Unknown)	anatolykazantsev!users.noreply.github.com	Anatoly Kazantsev	1
(Unknown)	toria.gibbs!gmail.com	Toria Gibbs	1
(Unknown)	jkassemi!users.noreply.github.com	James Kassemi	1
(Unknown)	junyuw!berkeley.edu	Junyu Wang	1
(Unknown)	aead!mail.de	Andreas Auernhammer	1
(Unknown)	rojer!rojer.me	rojer	1
(Unknown)	robertoguimaraes8!gmail.com	Roberto Oliveira	1
(Unknown)	stavr.chris!gmail.com	Christos Stavrakakis	1
(Unknown)	rpaliwal!cs.stonybrook.edu	Rahool Paliwal	1
(Unknown)	glenn.nethercutt!inin.com	Glenn Nethercutt	1
(Unknown)	rod.sychev!gmail.com	Rodion Sychev	1
(Unknown)	fabiogoma!gmail.com	Fabio G. Martins	1
(Unknown)	cchesser!gmail.com	Carl Chesser	1
(Unknown)	rick.richardson!gmail.com	Rick Richardson	1
(Unknown)	misc!dmitryx.com	dmitryxcom	1
(Unknown)	olala7846!gmail.com	hsincheng Chao	1
(Unknown)	dario.nycjava!gmail.com	dariol	1
(Unknown)	git!smallroomlabs.com	SmallRoomLabs	1
(Unknown)	krzychb!users.noreply.github.com	Krzysztof	1
(Unknown)	gaurav.hirlekar!gmail.com	Gaurav Hirlekar	1
